timestamp,open,high,low,close,volume,close_time,quote_volume,trades,taker_buy_base,taker_buy_quote,ignore
2024-03-07,3.045e-05,3.284e-05,3.045e-05,3.144e-05,1920928439.0,1709855999999,60550.01914917,289,834484047.00,26346.05747033,0
2024-03-08,3.122e-05,3.816e-05,3.094e-05,3.535e-05,5501068962.0,1709942399999,191142.73722072,1652,2956311650.00,103447.27134362,0
2024-03-09,3.541e-05,3.698e-05,3.365e-05,3.507e-05,1515019275.0,1710028799999,53615.04683248,1645,702871018.00,24918.94651488,0
2024-03-10,3.482e-05,3.546e-05,3.176e-05,3.29e-05,2135363770.0,1710115199999,72525.55646275,1193,1014635898.00,34302.14524116,0
2024-03-11,3.294e-05,3.526e-05,3.023e-05,3.388e-05,3605737243.0,1710201599999,118955.81666585,1233,1422983494.00,46859.83311659,0
2024-03-12,3.409e-05,3.482e-05,3.001e-05,3.223e-05,8109725642.0,1710287999999,260768.52099778,1073,2401651648.00,77192.21829183,0
2024-03-13,3.211e-05,3.35e-05,3.11e-05,3.209e-05,5025511825.0,1710374399999,162593.04617513,630,2201880342.00,71227.83504988,0
2024-03-14,3.194e-05,3.46e-05,3.049e-05,3.236e-05,9825489488.0,1710460799999,322731.12023410,1318,4668844591.00,154134.23548892,0
2024-03-15,3.245e-05,3.288e-05,2.708e-05,2.98e-05,21558563853.0,1710547199999,618672.37768835,1834,5129803052.00,150926.46366508,0
2024-03-16,2.991e-05,3.031e-05,2.377e-05,2.533e-05,8615713194.0,1710633599999,227851.46103997,1090,5176315241.00,135828.40512454,0
2024-03-17,2.537e-05,3.018e-05,2.419e-05,2.956e-05,9710164737.0,1710719999999,269438.76746919,1152,4283782386.00,118489.62248785,0
2024-03-18,2.946e-05,2.95e-05,2.637e-05,2.68e-05,5950810717.0,1710806399999,166456.73272753,809,2522767277.00,71051.88163070,0
2024-03-19,2.703e-05,2.75e-05,2.426e-05,2.478e-05,9800730540.0,1710892799999,252208.52765592,904,2573016418.00,66279.07955905,0
2024-03-20,2.49e-05,2.789e-05,2.369e-05,2.765e-05,8399811450.0,1710979199999,215377.55171466,1008,3537443615.00,89618.25841882,0
2024-03-21,2.753e-05,2.862e-05,2.631e-05,2.709e-05,7984788230.0,1711065599999,218239.75662633,832,3671833050.00,100631.60701739,0
2024-03-22,2.709e-05,2.865e-05,2.584e-05,2.648e-05,4365311824.0,1711151999999,117706.87055528,578,1904481338.00,51110.53266487,0
2024-03-23,2.654e-05,2.85e-05,2.634e-05,2.715e-05,6652506307.0,1711238399999,183094.90502509,678,2999562109.00,81968.43551205,0
2024-03-24,2.729e-05,2.831e-05,2.729e-05,2.807e-05,4834358763.0,1711324799999,134518.03040977,613,2186313256.00,60997.74471089,0
2024-03-25,2.792e-05,3.058e-05,2.745e-05,2.87e-05,9814518376.0,1711411199999,282938.39236996,1109,3695165681.00,105853.80953145,0
2024-03-26,2.869e-05,3.181e-05,2.801e-05,3.067e-05,13512756336.0,1711497599999,408549.03029993,1381,6682466095.00,201431.45359534,0
2024-03-27,3.06e-05,3.18e-05,2.917e-05,3.016e-05,10083326830.0,1711583999999,309198.23259148,1226,4503054224.00,137827.76368319,0
2024-03-28,3.007e-05,3.282e-05,2.983e-05,3.209e-05,17933155475.0,1711670399999,565206.96989912,1821,8658232640.00,272239.63925652,0
2024-03-29,3.197e-05,3.208e-05,3.013e-05,3.078e-05,5778216665.0,1711756799999,178186.00664126,626,3100281416.00,95376.40704386,0
2024-03-30,3.073e-05,3.099e-05,2.942e-05,2.986e-05,5670743611.0,1711843199999,171477.79515963,665,2481812371.00,74857.74035629,0
2024-03-31,2.98e-05,3.079e-05,2.975e-05,3.071e-05,2891210621.0,1711929599999,88118.30107178,500,1697722513.00,51829.81983764,0
2024-04-01,3.074e-05,3.074e-05,2.773e-05,2.875e-05,8829348705.0,1712015999999,252629.38073347,841,3138981391.00,90506.44227078,0
2024-04-02,2.86e-05,2.861e-05,2.565e-05,2.637e-05,8971457658.0,1712102399999,239419.68251037,960,4438976256.00,118506.33785476,0
2024-04-03,2.648e-05,2.75e-05,2.558e-05,2.64e-05,6705306372.0,1712188799999,178766.23595543,889,3254684487.00,86688.69231688,0
2024-04-04,2.633e-05,2.846e-05,2.59e-05,2.777e-05,4138362627.0,1712275199999,112923.93622239,551,1755278623.00,47912.04497508,0
2024-04-05,2.764e-05,2.764e-05,2.636e-05,2.681e-05,4866960216.0,1712361599999,130740.01238714,574,2560438243.00,68873.44977173,0
2024-04-06,2.676e-05,2.777e-05,2.676e-05,2.742e-05,1432333166.0,1712447999999,39126.54493925,222,648272223.00,17721.29923346,0
2024-04-07,2.74e-05,2.896e-05,2.74e-05,2.823e-05,2417871586.0,1712534399999,68609.26362128,445,1068513884.00,30398.22042113,0
2024-04-08,2.822e-05,2.948e-05,2.773e-05,2.883e-05,3858290060.0,1712620799999,110621.79520363,403,1904350578.00,54338.18538071,0
2024-04-09,2.875e-05,2.953e-05,2.726e-05,2.746e-05,8000817745.0,1712707199999,226269.13927233,652,5508113417.00,155612.41437183,0
2024-04-10,2.74e-05,2.828e-05,2.642e-05,2.804e-05,5212568314.0,1712793599999,143243.01305272,801,2527017566.00,69200.35788164,0
2024-04-11,2.792e-05,2.81e-05,2.723e-05,2.75e-05,3691102015.0,1712879999999,102084.53671761,295,2335094645.00,64581.62542061,0
2024-04-12,2.747e-05,2.811e-05,2e-05,2.475e-05,20204279544.0,1712966399999,507821.14431024,2143,10410418019.00,261528.24752104,0
2024-04-13,2.468e-05,2.495e-05,1.502e-05,2.115e-05,46556986594.0,1713052799999,964444.57782427,4390,23795650746.00,491301.11247887,0
2024-04-14,2.103e-05,2.297e-05,2.058e-05,2.272e-05,15801359727.0,1713139199999,344920.18802077,1836,8162092678.00,177869.08426334,0
2024-04-15,2.268e-05,2.383e-05,2.103e-05,2.192e-05,10557595169.0,1713225599999,235048.44282693,3052,6200538657.00,137074.91538702,0
2024-04-16,2.186e-05,2.29e-05,2.082e-05,2.266e-05,23555362459.0,1713311999999,521571.15249637,3440,16748137314.00,371402.57895598,0
2024-04-17,2.268e-05,2.302e-05,2.135e-05,2.206e-05,15198323513.0,1713398399999,332003.86835821,2239,11980239588.00,261226.10586805,0
2024-04-18,2.205e-05,2.297e-05,2.14e-05,2.283e-05,6010835378.0,1713484799999,134058.35554603,1859,3124820586.00,69551.80363442,0
2024-04-19,2.274e-05,2.354e-05,2.083e-05,2.295e-05,10920197628.0,1713571199999,244280.79036405,2470,6590489122.00,147055.16183849,0
2024-04-20,2.279e-05,2.672e-05,2.263e-05,2.617e-05,17380992955.0,1713657599999,430459.89070361,3288,6637631085.00,164955.77483453,0
2024-04-21,2.617e-05,2.82e-05,2.543e-05,2.631e-05,19250176725.0,1713743999999,516887.05115862,3993,10546349504.00,283505.81475398,0
2024-04-22,2.629e-05,2.771e-05,2.617e-05,2.69e-05,10314901471.0,1713830399999,278293.06916620,2395,5175503306.00,139565.78274847,0
2024-04-23,2.687e-05,2.81e-05,2.62e-05,2.682e-05,9719921487.0,1713916799999,262459.52554158,2539,5394730935.00,145614.29525821,0
2024-04-24,2.682e-05,2.767e-05,2.525e-05,2.566e-05,12008401678.0,1714003199999,317874.99291147,3684,6187191320.00,163602.27960674,0
2024-04-25,2.568e-05,2.654e-05,2.448e-05,2.571e-05,16986131740.0,1714089599999,430550.64965814,4331,7689951279.00,195193.07423802,0
2024-04-26,2.575e-05,2.599e-05,2.492e-05,2.523e-05,16946705985.0,1714175999999,431471.24327918,3143,10484568132.00,266861.77329032,0
2024-04-27,2.521e-05,2.533e-05,2.388e-05,2.479e-05,5805561009.0,1714262399999,142925.06505245,1378,2444235954.00,60283.53622954,0
2024-04-28,2.475e-05,2.514e-05,2.406e-05,2.426e-05,6542889961.0,1714348799999,161315.79104937,1364,4054474528.00,99862.26038360,0
2024-04-29,2.42e-05,2.437e-05,2.306e-05,2.413e-05,16532422796.0,1714435199999,391748.75335912,2318,9750460048.00,231149.57328609,0
2024-04-30,2.412e-05,2.465e-05,2.176e-05,2.233e-05,26634240261.0,1714521599999,613465.29406260,4436,14413502246.00,332214.79893971,0
2024-05-01,2.232e-05,2.309e-05,2.056e-05,2.263e-05,35481060244.0,1714607999999,764990.45985015,4855,18537495593.00,397106.07890239,0
2024-05-02,2.263e-05,2.328e-05,2.155e-05,2.28e-05,19435722415.0,1714694399999,441532.56965154,2619,10309118341.00,234529.51342526,0
2024-05-03,2.278e-05,2.474e-05,2.261e-05,2.444e-05,14082295896.0,1714780799999,333019.87054443,1840,6854113494.00,161634.49856877,0
2024-05-04,2.448e-05,2.631e-05,2.432e-05,2.502e-05,15099462989.0,1714867199999,380566.77649308,2227,7835230392.00,197330.46878072,0
2024-05-05,2.513e-05,2.52e-05,2.434e-05,2.474e-05,9625651605.0,1714953599999,237743.22663990,1393,5249684712.00,129491.11917888,0
2024-05-06,2.474e-05,2.614e-05,2.383e-05,2.387e-05,18861611771.0,1715039999999,467938.39568485,3098,10572952780.00,262047.68220962,0
2024-05-07,2.391e-05,2.422e-05,2.293e-05,2.303e-05,9206476176.0,1715126399999,217451.63081921,1823,4257183570.00,100605.42424558,0
2024-05-08,2.307e-05,2.321e-05,2.233e-05,2.252e-05,14185358562.0,1715212799999,323036.97347155,2418,8594442951.00,195773.87574583,0
2024-05-09,2.254e-05,2.377e-05,2.232e-05,2.344e-05,8724006227.0,1715299199999,199788.62026740,1623,4502225735.00,102853.76807557,0
2024-05-10,2.341e-05,2.36e-05,2.212e-05,2.242e-05,11535181723.0,1715385599999,263004.53981883,2751,5413455823.00,123081.00165519,0
2024-05-11,2.244e-05,2.285e-05,2.235e-05,2.249e-05,2822512645.0,1715471999999,63828.51375968,550,1526792799.00,34565.55809835,0
2024-05-12,2.248e-05,2.274e-05,2.209e-05,2.233e-05,1579859421.0,1715558399999,35550.38763278,445,846520947.00,19043.71332095,0
2024-05-13,2.235e-05,2.465e-05,2.156e-05,2.336e-05,32229297795.0,1715644799999,763119.98457474,7544,18850521881.00,446304.66885551,0
2024-05-14,2.335e-05,2.442e-05,2.287e-05,2.294e-05,24021463542.0,1715731199999,565377.77379892,4053,10055507653.00,236099.92910220,0
2024-05-15,2.306e-05,2.563e-05,2.287e-05,2.527e-05,28298065344.0,1715817599999,688246.98064174,4216,10640140499.00,259852.79343815,0
2024-05-16,2.535e-05,2.587e-05,2.417e-05,2.451e-05,19946933354.0,1715903999999,498785.94858089,3477,9140136794.00,228409.14061000,0
2024-05-17,2.451e-05,2.53e-05,2.419e-05,2.5e-05,8498912702.0,1715990399999,211255.85112717,1685,4369229455.00,108464.14211487,0
2024-05-18,2.5e-05,2.518e-05,2.44e-05,2.478e-05,7499174000.0,1716076799999,185834.31528021,1531,3030264873.00,75043.62462572,0
2024-05-19,2.47e-05,2.508e-05,2.36e-05,2.387e-05,6064465918.0,1716163199999,147978.96413507,1797,3499788647.00,85634.34165621,0
2024-05-20,2.382e-05,2.613e-05,2.351e-05,2.607e-05,15376877766.0,1716249599999,380688.23474908,5044,6962871285.00,173350.96466749,0
2024-05-21,2.61e-05,2.666e-05,2.506e-05,2.611e-05,16550247321.0,1716335999999,426250.79467487,5810,7419278482.00,191045.46187332,0
2024-05-22,2.609e-05,2.684e-05,2.5e-05,2.531e-05,13678450044.0,1716422399999,353671.92960875,3059,7148477103.00,184648.05845706,0
2024-05-23,2.534e-05,2.571e-05,2.319e-05,2.46e-05,18702659181.0,1716508799999,458769.28108070,3805,8823391248.00,215602.88657971,0
2024-05-24,2.458e-05,2.505e-05,2.363e-05,2.44e-05,8142210926.0,1716595199999,198322.84792992,2252,3049895947.00,74333.39336852,0
2024-05-25,2.439e-05,2.526e-05,2.433e-05,2.508e-05,4093976857.0,1716681599999,101442.59204264,1697,1972767869.00,48910.73343028,0
2024-05-26,2.503e-05,2.512e-05,2.416e-05,2.428e-05,1257910737.0,1716767999999,30861.59984128,971,610945757.00,15015.05529087,0
2024-05-27,2.432e-05,2.621e-05,2.432e-05,2.55e-05,12345061982.0,1716854399999,314283.39957827,2964,6563119741.00,166775.16158162,0
2024-05-28,2.543e-05,2.731e-05,2.448e-05,2.671e-05,33434625387.0,1716940799999,860050.02008743,5587,18867748798.00,483966.86058065,0
2024-05-29,2.672e-05,2.939e-05,2.65e-05,2.749e-05,45348941752.0,1717027199999,1265427.50668462,8147,22299317222.00,621610.25483433,0
2024-05-30,2.753e-05,2.857e-05,2.563e-05,2.588e-05,23935818041.0,1717113599999,646941.52443532,3692,12865258349.00,348917.73885351,0
2024-05-31,2.575e-05,2.632e-05,2.487e-05,2.546e-05,6811996924.0,1717199999999,174973.52708654,1770,4523170480.00,116198.24743348,0
2024-06-01,2.539e-05,2.548e-05,2.511e-05,2.522e-05,14385479390.0,1717286399999,362607.34739060,3427,4682442937.00,118136.69697735,0
2024-06-02,2.525e-05,2.546e-05,2.403e-05,2.462e-05,19677064052.0,1717372799999,487022.67228860,6842,15062215718.00,372817.94650041,0
2024-06-03,2.46e-05,2.538e-05,2.429e-05,2.446e-05,12367324290.0,1717459199999,306810.54770543,2476,6565610978.00,162467.61217048,0
2024-06-04,2.44e-05,2.465e-05,2.282e-05,2.465e-05,21940499356.0,1717545599999,518421.85217178,2095,12678058734.00,299331.50121546,0
2024-06-05,2.466e-05,2.631e-05,2.453e-05,2.593e-05,21666873107.0,1717631999999,559835.60792867,2521,11245532673.00,290244.44522732,0
2024-06-06,2.587e-05,2.621e-05,2.496e-05,2.523e-05,4111590643.0,1717718399999,105281.00828767,922,2420357568.00,62046.25869752,0
2024-06-07,2.521e-05,2.548e-05,2.067e-05,2.369e-05,45037087933.0,1717804799999,1024225.90353143,5027,15602864139.00,357316.03269916,0
2024-06-08,2.359e-05,2.415e-05,2.3e-05,2.325e-05,9590599939.0,1717891199999,226119.01959496,1203,6077652957.00,143728.91240480,0
2024-06-09,2.32e-05,2.363e-05,2.295e-05,2.348e-05,2577220361.0,1717977599999,59920.88043729,649,1182045910.00,27535.81355494,0
2024-06-10,2.34e-05,2.356e-05,2.27e-05,2.287e-05,3499762076.0,1718063999999,80843.76728748,588,1345593792.00,31247.86907401,0
2024-06-11,2.292e-05,2.295e-05,2.106e-05,2.163e-05,25005050245.0,1718150399999,551068.55759729,5374,12249806600.00,270075.35643551,0
2024-06-12,2.165e-05,2.323e-05,2.112e-05,2.22e-05,27080419739.0,1718236799999,603079.06438426,6462,16273606075.00,361666.21130602,0
2024-06-13,2.221e-05,2.221e-05,2.096e-05,2.12e-05,15324410998.0,1718323199999,329370.66636331,3398,4023789997.00,86718.35145273,0
2024-06-14,2.119e-05,2.187e-05,1.96e-05,2.031e-05,14475389488.0,1718409599999,300267.82501507,2458,6604915568.00,137638.55813266,0
2024-06-15,2.03e-05,2.096e-05,1.997e-05,2.081e-05,7970929528.0,1718495999999,165454.65027477,2752,4266263952.00,88745.58136563,0
2024-06-16,2.077e-05,2.106e-05,2.041e-05,2.092e-05,2458343216.0,1718582399999,51078.45495863,1002,1309450457.00,27241.22802079,0
2024-06-17,2.094e-05,2.105e-05,1.86e-05,1.925e-05,9105850069.0,1718668799999,178437.55639916,1245,2894747069.00,56936.44494544,0
2024-06-18,1.933e-05,1.938e-05,1.701e-05,1.81e-05,16911457411.0,1718755199999,302989.52130261,1930,7409512329.00,132392.77832116,0
2024-06-19,1.807e-05,1.892e-05,1.796e-05,1.807e-05,5283340944.0,1718841599999,97221.41728682,1172,2525161736.00,46341.97717161,0
2024-06-20,1.804e-05,1.898e-05,1.78e-05,1.802e-05,8112473388.0,1718927999999,149505.05897087,1372,4773775875.00,87851.01554840,0
2024-06-21,1.803e-05,1.822e-05,1.74e-05,1.785e-05,5079342809.0,1719014399999,90456.81600356,1052,2999141534.00,53356.71934271,0
2024-06-22,1.784e-05,1.831e-05,1.766e-05,1.798e-05,3545942704.0,1719100799999,63975.84272056,850,2180116994.00,39352.49493896,0
2024-06-23,1.794e-05,1.821e-05,1.742e-05,1.744e-05,2233079227.0,1719187199999,39713.00635389,593,869360287.00,15521.98535955,0
2024-06-24,1.757e-05,1.765e-05,1.636e-05,1.706e-05,10667515473.0,1719273599999,179395.50352470,1864,3924427367.00,65977.38978093,0
2024-06-25,1.702e-05,1.824e-05,1.701e-05,1.773e-05,11524979758.0,1719359999999,202910.47105534,2139,5930709497.00,104393.95537429,0
2024-06-26,1.773e-05,1.805e-05,1.712e-05,1.712e-05,6248739430.0,1719446399999,108898.64606931,1289,2432861236.00,42496.01662289,0
2024-06-27,1.71e-05,1.77e-05,1.685e-05,1.754e-05,7707098752.0,1719532799999,133640.15144097,1480,3749584108.00,65015.82254241,0
2024-06-28,1.753e-05,1.809e-05,1.676e-05,1.695e-05,10054099223.0,1719619199999,174797.86646582,1548,4848466896.00,84540.04829416,0
2024-06-29,1.698e-05,1.722e-05,1.685e-05,1.687e-05,1627656126.0,1719705599999,27695.77587989,483,1055242692.00,17951.71502604,0
2024-06-30,1.687e-05,1.74e-05,1.662e-05,1.723e-05,3179524335.0,1719791999999,54403.52229826,674,2211282771.00,37978.02801890,0
2024-07-01,1.722e-05,1.758e-05,1.684e-05,1.709e-05,13673663308.0,1719878399999,234641.67765824,1232,6607229914.00,113806.81746601,0
2024-07-02,1.707e-05,1.737e-05,1.695e-05,1.724e-05,6533477979.0,1719964799999,112144.17480458,1833,3797905643.00,65201.99841925,0
2024-07-03,1.724e-05,1.742e-05,1.611e-05,1.638e-05,13708531258.0,1720051199999,227952.23590506,5108,7239873600.00,120278.98657537,0
2024-07-04,1.636e-05,1.645e-05,1.453e-05,1.459e-05,20707046203.0,1720137599999,313217.13605181,2999,10673991501.00,160394.01000533,0
2024-07-05,1.455e-05,1.509e-05,1.266e-05,1.498e-05,36778246261.0,1720223999999,500997.35008789,4684,16854842192.00,230789.64761932,0
2024-07-06,1.496e-05,1.756e-05,1.47e-05,1.739e-05,35198681604.0,1720310399999,574625.51880841,5568,17662664040.00,289241.05651654,0
2024-07-07,1.738e-05,1.738e-05,1.537e-05,1.549e-05,20150841176.0,1720396799999,331103.54245245,4001,10258305552.00,167426.66878055,0
2024-07-08,1.55e-05,1.709e-05,1.473e-05,1.62e-05,29112319014.0,1720483199999,469585.18107135,4374,14309459269.00,231129.67744063,0
2024-07-09,1.616e-05,1.664e-05,1.594e-05,1.637e-05,11369177865.0,1720569599999,185442.54466653,2312,5712054945.00,93205.43422295,0
2024-07-10,1.626e-05,1.686e-05,1.604e-05,1.642e-05,9505602233.0,1720655999999,157112.86587559,1598,5031286970.00,83140.68110770,0
2024-07-11,1.639e-05,1.704e-05,1.614e-05,1.623e-05,10402360962.0,1720742399999,172190.20040782,1761,5614599718.00,92952.97583411,0
2024-07-12,1.623e-05,1.662e-05,1.577e-05,1.647e-05,11923582108.0,1720828799999,192720.99052863,1794,7159859674.00,115957.30208582,0
2024-07-13,1.648e-05,1.739e-05,1.643e-05,1.711e-05,18511531192.0,1720915199999,316236.02701260,3541,10230437319.00,174719.30842087,0
2024-07-14,1.71e-05,1.777e-05,1.707e-05,1.761e-05,9416479537.0,1721001599999,163493.74738872,2120,5640290651.00,97907.36940620,0
2024-07-15,1.763e-05,1.941e-05,1.736e-05,1.924e-05,24211772930.0,1721087999999,441922.73795224,4015,12820233015.00,235682.78312554,0
2024-07-16,1.928e-05,2.033e-05,1.838e-05,1.933e-05,45418043211.0,1721174399999,879270.93516295,6769,22560905011.00,436619.31768690,0
2024-07-17,1.933e-05,1.984e-05,1.851e-05,1.862e-05,26058969602.0,1721260799999,498791.44616216,4171,13690108663.00,262295.23980864,0
2024-07-18,1.865e-05,1.896e-05,1.682e-05,1.74e-05,156918953198.0,1721347199999,2742004.79610954,20498,80425932997.00,1406369.58901752,0
2024-07-19,1.738e-05,1.817e-05,1.687e-05,1.782e-05,154733376945.0,1721433599999,2743552.95867676,13548,78633599317.00,1393102.58835770,0
2024-07-20,1.781e-05,1.847e-05,1.749e-05,1.811e-05,105909854982.0,1721519999999,1909580.80594918,7037,49415862439.00,891501.70987622,0
2024-07-21,1.811e-05,1.845e-05,1.703e-05,1.825e-05,163638297883.0,1721606399999,2919077.36541757,6133,92366500243.00,1651546.02829329,0
2024-07-22,1.826e-05,1.831e-05,1.742e-05,1.758e-05,57524803333.0,1721692799999,1018639.12006515,3093,31357037957.00,555320.29220438,0
2024-07-23,1.757e-05,1.778e-05,1.666e-05,1.708e-05,75040413011.0,1721779199999,1289854.58810688,4009,40545375972.00,696992.90032652,0
2024-07-24,1.702e-05,1.757e-05,1.663e-05,1.678e-05,50953299206.0,1721865599999,874899.80586049,3343,24330693255.00,417679.78395971,0
2024-07-25,1.679e-05,1.686e-05,1.582e-05,1.641e-05,75532460019.0,1721951999999,1226215.77589974,3273,38137436020.00,619887.21507398,0
2024-07-26,1.639e-05,1.705e-05,1.637e-05,1.696e-05,57036341868.0,1722038399999,956355.60725231,3136,25917438273.00,434385.88207916,0
2024-07-27,1.697e-05,1.762e-05,1.671e-05,1.701e-05,79921887986.0,1722124799999,1369832.58511606,4232,39596906715.00,679115.37550834,0
2024-07-28,1.7e-05,1.716e-05,1.664e-05,1.681e-05,57920255459.0,1722211199999,978099.20263574,3753,27942283412.00,471925.59105568,0
2024-07-29,1.68e-05,1.731e-05,1.652e-05,1.662e-05,93087562173.0,1722297599999,1574814.20120902,5476,43000528323.00,727016.97620531,0
2024-07-30,1.662e-05,1.683e-05,1.601e-05,1.641e-05,73135439531.0,1722383999999,1212566.47604738,3543,36526371704.00,605266.62312189,0
2024-07-31,1.64e-05,1.667e-05,1.569e-05,1.592e-05,97012992274.0,1722470399999,1579177.49284832,4747,47063893406.00,765670.50538849,0
2024-08-01,1.592e-05,1.602e-05,1.485e-05,1.578e-05,90528788493.0,1722556799999,1416880.26084497,4832,47340195251.00,740369.04163924,0
2024-08-02,1.578e-05,1.586e-05,1.459e-05,1.465e-05,205694512137.0,1722643199999,3143220.64853806,6302,105249224495.00,1606148.45053461,0
2024-08-03,1.463e-05,1.482e-05,1.378e-05,1.424e-05,149055311385.0,1722729599999,2149841.80349410,5225,74245276059.00,1070944.67368641,0
2024-08-04,1.423e-05,1.431e-05,1.296e-05,1.334e-05,125684409674.0,1722815999999,1725231.00497757,4221,69057502707.00,947717.99053888,0
2024-08-05,1.334e-05,1.8e-05,1.079e-05,1.324e-05,534123447498.0,1722902399999,6500124.58408042,17481,277989485321.00,3386193.65886052,0
2024-08-06,1.322e-05,1.405e-05,1.313e-05,1.345e-05,142964136040.0,1722988799999,1952073.25011083,6074,77593927287.00,1059488.37587555,0
2024-08-07,1.345e-05,1.395e-05,1.272e-05,1.288e-05,223908452734.0,1723075199999,3031262.33138183,10385,112857664121.00,1527021.97759460,0
2024-08-08,1.288e-05,1.439e-05,1.265e-05,1.429e-05,137900946929.0,1723161599999,1845164.33898652,6639,70040622953.00,936997.19377586,0
2024-08-09,1.431e-05,1.432e-05,1.368e-05,1.405e-05,66268307959.0,1723247999999,926775.74999643,3253,37065536411.00,518316.28882456,0
2024-08-10,1.401e-05,1.432e-05,1.388e-05,1.409e-05,27869080423.0,1723334399999,392761.79430675,1522,14759375397.00,207952.62393529,0
2024-08-11,1.408e-05,1.466e-05,1.329e-05,1.339e-05,58582370224.0,1723420799999,812429.15834789,3576,30445209184.00,422274.25710482,0
2024-08-12,1.34e-05,1.41e-05,1.33e-05,1.392e-05,61941594190.0,1723507199999,853171.73578815,2727,35397624201.00,487643.48012492,0
2024-08-13,1.392e-05,1.406e-05,1.351e-05,1.389e-05,44133652695.0,1723593599999,609055.68243688,2500,24085990566.00,332524.79234750,0
2024-08-14,1.387e-05,1.405e-05,1.344e-05,1.362e-05,51244540149.0,1723679999999,703197.39841288,3038,25281154870.00,346700.47086242,0
2024-08-15,1.364e-05,1.375e-05,1.311e-05,1.327e-05,61338999957.0,1723766399999,824090.71331825,3052,30167266920.00,405159.43104143,0
2024-08-16,1.327e-05,1.349e-05,1.29e-05,1.322e-05,45656205242.0,1723852799999,603811.40171049,1914,22486250401.00,297464.20835738,0
2024-08-17,1.322e-05,1.342e-05,1.315e-05,1.338e-05,26618303233.0,1723939199999,354603.20892018,1198,13592988805.00,181098.89081488,0
2024-08-18,1.337e-05,1.359e-05,1.323e-05,1.324e-05,22508256214.0,1724025599999,302198.42148633,1357,11353193436.00,152468.03659597,0
2024-08-19,1.323e-05,1.354e-05,1.296e-05,1.333e-05,86533126589.0,1724111999999,1141577.79781094,3814,45360831158.00,598295.48497328,0
2024-08-20,1.336e-05,1.394e-05,1.332e-05,1.367e-05,75739187278.0,1724198399999,1035517.22062256,3338,37678526920.00,515003.45874932,0
2024-08-21,1.366e-05,1.422e-05,1.349e-05,1.411e-05,71365224013.0,1724284799999,988770.87364645,3500,32221565171.00,445740.00219252,0
2024-08-22,1.412e-05,1.44e-05,1.385e-05,1.405e-05,50356038315.0,1724371199999,711641.68988910,2924,24869946202.00,351508.22232877,0
2024-08-23,1.406e-05,1.552e-05,1.404e-05,1.53e-05,104025111614.0,1724457599999,1538300.26600550,4605,49614657680.00,732390.42841488,0
2024-08-24,1.532e-05,1.612e-05,1.511e-05,1.564e-05,78655258722.0,1724543999999,1226844.62279335,4050,34149907048.00,533515.36429580,0
2024-08-25,1.562e-05,1.566e-05,1.471e-05,1.512e-05,90922855212.0,1724630399999,1376401.10603294,3733,34515098536.00,522380.89216829,0
2024-08-26,1.516e-05,1.524e-05,1.436e-05,1.462e-05,92121619765.0,1724716799999,1360664.91023574,4845,45792844313.00,676459.83972633,0
2024-08-27,1.461e-05,1.485e-05,1.331e-05,1.377e-05,91731768759.0,1724803199999,1310633.55139872,5450,48384357166.00,691398.97683749,0
2024-08-28,1.376e-05,1.421e-05,1.343e-05,1.386e-05,81905741874.0,1724889599999,1129580.48069713,4682,42168917627.00,581378.82953525,0
2024-08-29,1.385e-05,1.453e-05,1.384e-05,1.408e-05,68410016218.0,1724975999999,968254.85330390,5494,33191708191.00,469882.88718361,0
2024-08-30,1.408e-05,1.422e-05,1.364e-05,1.401e-05,49556311514.0,1725062399999,690424.56716659,2345,23824165795.00,331949.04818850,0
2024-08-31,1.4e-05,1.41e-05,1.373e-05,1.384e-05,18551275190.0,1725148799999,257105.17697568,1115,8528449624.00,118101.21300557,0
2024-09-01,1.381e-05,1.386e-05,1.305e-05,1.316e-05,52280467743.0,1725235199999,703481.96523212,4028,24502434472.00,329821.05233032,0
2024-09-02,1.315e-05,1.372e-05,1.311e-05,1.366e-05,63928528630.0,1725321599999,857642.12467323,4557,32857859328.00,440365.87066895,0
2024-09-03,1.366e-05,1.384e-05,1.305e-05,1.308e-05,45719838579.0,1725407999999,611541.10831261,1810,22428464689.00,300094.50271118,0
2024-09-04,1.309e-05,1.369e-05,1.243e-05,1.359e-05,76192370241.0,1725494399999,1001109.05736477,2744,41128827132.00,540931.17486963,0
2024-09-05,1.359e-05,1.363e-05,1.306e-05,1.32e-05,34619962533.0,1725580799999,460432.89266567,1905,18527631882.00,246107.74815480,0
2024-09-06,1.32e-05,1.344e-05,1.232e-05,1.279e-05,52202532111.0,1725667199999,674540.61720910,2575,27007670485.00,348968.23437167,0
2024-09-07,1.281e-05,1.304e-05,1.273e-05,1.287e-05,13253526411.0,1725753599999,170873.62735418,832,5879747210.00,75863.08268707,0
2024-09-08,1.288e-05,1.317e-05,1.284e-05,1.307e-05,14297836254.0,1725839999999,185474.43893828,954,7602061930.00,98616.56958080,0
2024-09-09,1.309e-05,1.375e-05,1.298e-05,1.352e-05,32140288073.0,1725926399999,432903.15414567,1886,19068493083.00,256983.17885401,0
2024-09-10,1.354e-05,1.368e-05,1.331e-05,1.354e-05,27104303761.0,1726012799999,365528.37558689,1664,16271192064.00,219524.52989329,0
2024-09-11,1.353e-05,1.353e-05,1.293e-05,1.327e-05,27310321647.0,1726099199999,362474.35112304,1625,14223381667.00,188882.30686619,0
2024-09-12,1.326e-05,1.353e-05,1.32e-05,1.352e-05,22656123126.0,1726185599999,302850.20285565,2335,11720046260.00,156707.02656045,0
2024-09-13,1.353e-05,1.41e-05,1.339e-05,1.398e-05,48331982641.0,1726271999999,663363.49004397,3065,28206292525.00,387241.54965121,0
2024-09-14,1.398e-05,1.407e-05,1.362e-05,1.375e-05,24604088006.0,1726358399999,340034.26654441,1461,13519036837.00,186917.59939230,0
2024-09-15,1.374e-05,1.386e-05,1.328e-05,1.339e-05,23490958565.0,1726444799999,320994.01599526,1575,10519413296.00,143865.67766811,0
2024-09-16,1.339e-05,1.346e-05,1.3e-05,1.317e-05,44976887649.0,1726531199999,595979.43645062,1479,24911012781.00,330518.73419888,0
2024-09-17,1.318e-05,1.358e-05,1.304e-05,1.332e-05,31311005435.0,1726617599999,418324.12679288,1297,17280894733.00,230915.67716776,0
2024-09-18,1.33e-05,1.369e-05,1.297e-05,1.369e-05,38925065202.0,1726703999999,518953.86462349,1746,20377477016.00,271443.00631601,0
2024-09-19,1.371e-05,1.46e-05,1.37e-05,1.41e-05,103850106824.0,1726790399999,1469196.32762089,4636,56841639443.00,803872.61097782,0
2024-09-20,1.411e-05,1.45e-05,1.39e-05,1.439e-05,52725124551.0,1726876799999,750607.05538251,2139,29640057643.00,421990.20088176,0
2024-09-21,1.439e-05,1.503e-05,1.412e-05,1.501e-05,46484629621.0,1726963199999,681719.25897192,2193,23117382853.00,339697.19433260,0
2024-09-22,1.499e-05,1.507e-05,1.416e-05,1.454e-05,49471737315.0,1727049599999,721079.55135402,2231,23568735266.00,343056.93726635,0
2024-09-23,1.454e-05,1.486e-05,1.421e-05,1.448e-05,51258397136.0,1727135999999,745137.79295514,2222,27804821842.00,404322.09460316,0
2024-09-24,1.448e-05,1.492e-05,1.427e-05,1.483e-05,39308852674.0,1727222399999,575395.32557269,2232,19294551876.00,282558.17847455,0
2024-09-25,1.484e-05,1.576e-05,1.474e-05,1.524e-05,80945727096.0,1727308799999,1238991.99868340,4744,42723596327.00,653870.05352008,0
2024-09-26,1.524e-05,1.939e-05,1.491e-05,1.86e-05,323292576069.0,1727395199999,5611756.22772504,17089,174550862466.00,3020102.02164174,0
2024-09-27,1.864e-05,2.169e-05,1.856e-05,2.026e-05,272667688779.0,1727481599999,5472961.79740398,22612,138208445749.00,2773357.58658522,0
2024-09-28,2.029e-05,2.147e-05,1.903e-05,1.964e-05,193745887463.0,1727567999999,3878118.25700702,20132,91910336572.00,1839973.03044649,0
2024-09-29,1.963e-05,2.039e-05,1.905e-05,1.935e-05,88880114825.0,1727654399999,1747715.83203312,10441,41586535580.00,818389.56806929,0
2024-09-30,1.936e-05,1.937e-05,1.747e-05,1.757e-05,92831218699.0,1727740799999,1698498.79280804,7367,43126716714.00,789081.69205892,0
2024-10-01,1.755e-05,1.863e-05,1.558e-05,1.641e-05,220687188998.0,1727827199999,3740931.19065450,9227,127387967674.00,2157690.85848865,0
2024-10-02,1.641e-05,1.709e-05,1.58e-05,1.627e-05,137110633018.0,1727913599999,2276947.33306582,4844,67247341448.00,1118486.57552987,0
2024-10-03,1.629e-05,1.675e-05,1.548e-05,1.607e-05,96506974219.0,1727999999999,1551251.13284514,3984,47985266709.00,771078.90687057,0
2024-10-04,1.607e-05,1.772e-05,1.596e-05,1.738e-05,103800883467.0,1728086399999,1778969.08674961,4403,47193720257.00,807267.97332585,0
2024-10-05,1.743e-05,1.792e-05,1.691e-05,1.745e-05,65524495286.0,1728172799999,1139085.11035587,3028,31477571575.00,548035.17452053,0
2024-10-06,1.744e-05,1.883e-05,1.711e-05,1.813e-05,77781240983.0,1728259199999,1401177.38376907,3893,40555711249.00,729362.67414634,0
2024-10-07,1.813e-05,1.905e-05,1.741e-05,1.744e-05,99988915890.0,1728345599999,1819067.97386098,4544,52107739693.00,950245.35345704,0
2024-10-08,1.745e-05,1.768e-05,1.699e-05,1.723e-05,50596105613.0,1728431999999,875507.89731691,2434,26862753993.00,464555.29225945,0
2024-10-09,1.724e-05,1.799e-05,1.67e-05,1.69e-05,64934687337.0,1728518399999,1128290.21218191,2902,33052495376.00,575071.51588461,0
2024-10-10,1.687e-05,1.72e-05,1.604e-05,1.676e-05,49854768658.0,1728604799999,828891.34018905,2749,27659336390.00,460129.15801890,0
2024-10-11,1.676e-05,1.809e-05,1.657e-05,1.764e-05,60915483022.0,1728691199999,1066679.37175821,3294,30266652357.00,531190.93517027,0
2024-10-12,1.766e-05,1.812e-05,1.764e-05,1.785e-05,32720024537.0,1728777599999,585575.26586617,2353,13884339355.00,248412.86219612,0
2024-10-13,1.786e-05,1.792e-05,1.709e-05,1.764e-05,28115280712.0,1728863999999,491526.44819125,1937,14793511166.00,258881.06512310,0
2024-10-14,1.765e-05,1.897e-05,1.735e-05,1.87e-05,102337815043.0,1728950399999,1877521.49696303,5516,52356082260.00,961961.56084012,0
2024-10-15,1.872e-05,1.898e-05,1.753e-05,1.824e-05,84271871649.0,1729036799999,1535520.18866860,4706,40432118055.00,736130.77586899,0
2024-10-16,1.825e-05,1.913e-05,1.789e-05,1.858e-05,105731291120.0,1729123199999,1972517.67304714,6314,51892042238.00,968882.56657321,0
2024-10-17,1.859e-05,1.871e-05,1.759e-05,1.821e-05,55577437850.0,1729209599999,1004621.90708555,4639,25266026826.00,456871.81312069,0
2024-10-18,1.822e-05,1.931e-05,1.816e-05,1.88e-05,78745059342.0,1729295999999,1484029.19908360,6047,38557283084.00,726906.89024201,0
2024-10-19,1.879e-05,1.954e-05,1.866e-05,1.903e-05,81194868317.0,1729382399999,1554874.59620793,6999,40038698455.00,765854.92698858,0
2024-10-20,1.902e-05,1.918e-05,1.84e-05,1.904e-05,45518679551.0,1729468799999,856028.58147027,4612,23440961741.00,440659.52993161,0
2024-10-21,1.903e-05,1.932e-05,1.802e-05,1.836e-05,56854488698.0,1729555199999,1061242.73289869,4731,27206393704.00,505794.20862029,0
2024-10-22,1.842e-05,1.86e-05,1.793e-05,1.813e-05,30399024609.0,1729641599999,554113.33263411,2761,14590784279.00,266164.62989798,0
2024-10-23,1.817e-05,1.818e-05,1.706e-05,1.766e-05,35067721531.0,1729727999999,618497.11784730,2653,16769963738.00,295995.11020127,0
2024-10-24,1.764e-05,1.817e-05,1.739e-05,1.803e-05,29541669663.0,1729814399999,525645.74138634,3398,13608313623.00,242339.08989097,0
2024-10-25,1.805e-05,1.807e-05,1.579e-05,1.655e-05,70165542416.0,1729900799999,1182870.29406680,4850,34577759403.00,579459.56327686,0
2024-10-26,1.651e-05,1.713e-05,1.635e-05,1.7e-05,25847676174.0,1729987199999,435072.96524376,2318,12294168262.00,206951.21172033,0
2024-10-27,1.7e-05,1.735e-05,1.682e-05,1.722e-05,24635267903.0,1730073599999,421583.08091135,1906,14864574501.00,254798.26955468,0
2024-10-28,1.723e-05,1.838e-05,1.68e-05,1.822e-05,77079181279.0,1730159999999,1352701.53638457,5412,39145598750.00,687620.47104858,0
2024-10-29,1.824e-05,1.981e-05,1.746e-05,1.906e-05,166268567402.0,1730246399999,3130889.80523442,10737,78754537422.00,1480060.01914823,0
2024-10-30,1.908e-05,1.933e-05,1.82e-05,1.839e-05,63153451551.0,1730332799999,1182308.74239865,5199,31727148173.00,594026.55241924,0
2024-10-31,1.84e-05,1.918e-05,1.769e-05,1.786e-05,72655371866.0,1730419199999,1334012.07565404,5849,40257150324.00,739166.36704490,0
2024-11-01,1.787e-05,1.817e-05,1.714e-05,1.758e-05,73477082837.0,1730505599999,1293819.84464771,6221,39110459376.00,688556.74703750,0
2024-11-02,1.757e-05,1.792e-05,1.724e-05,1.744e-05,32435042456.0,1730591999999,569949.44407731,2855,14065495075.00,247683.89047109,0
2024-11-03,1.745e-05,1.746e-05,1.619e-05,1.688e-05,70924890098.0,1730678399999,1186919.48943660,5269,33257539706.00,557677.60533321,0
2024-11-04,1.688e-05,1.724e-05,1.639e-05,1.685e-05,46292617693.0,1730764799999,779910.66488150,4620,22848238917.00,385046.05238559,0
2024-11-05,1.685e-05,1.853e-05,1.685e-05,1.786e-05,94909307536.0,1730851199999,1692616.41885686,7536,46445595976.00,827569.72147208,0
2024-11-06,1.786e-05,1.986e-05,1.786e-05,1.91e-05,239774708547.0,1730937599999,4540130.67937469,18143,119208878912.00,2260153.30734895,0
2024-11-07,1.913e-05,1.952e-05,1.832e-05,1.917e-05,117148094492.0,1731023999999,2216989.06067674,8501,53282120151.00,1008781.67356882,0
2024-11-08,1.919e-05,1.948e-05,1.843e-05,1.904e-05,146613151337.0,1731110399999,2785079.85474564,9512,69613972603.00,1322458.79271423,0
2024-11-09,1.903e-05,2.051e-05,1.85e-05,2.051e-05,143839815212.0,1731196799999,2804541.89429496,11010,75376150551.00,1471918.58248047,0
2024-11-10,2.051e-05,2.808e-05,2.014e-05,2.611e-05,1000121540634.0,1731283199999,24933028.81530012,78565,501479384382.00,12478522.40668684,0
2024-11-11,2.61e-05,2.9e-05,2.442e-05,2.792e-05,583349048729.0,1731369599999,15736402.70936649,61831,294748151680.00,7952457.77221574,0
2024-11-12,2.794e-05,3.056e-05,2.44e-05,2.65e-05,798217869952.0,1731455999999,21801049.73990247,84991,400745238778.00,10959608.57799717,0
2024-11-13,2.648e-05,2.8e-05,2.32e-05,2.586e-05,645662608080.0,1731542399999,16662675.83295438,58752,322461198081.00,8335556.08293030,0
2024-11-14,2.586e-05,2.678e-05,2.284e-05,2.341e-05,353049958916.0,1731628799999,8948748.53806537,38924,200306784345.00,5082419.63684961,0
2024-11-15,2.34e-05,2.606e-05,2.257e-05,2.557e-05,253064849465.0,1731715199999,6143586.65148019,24463,128246139768.00,3111113.64775302,0
2024-11-16,2.556e-05,2.621e-05,2.401e-05,2.462e-05,175854107422.0,1731801599999,4402935.01545578,18705,91600857085.00,2293424.26297600,0
2024-11-17,2.463e-05,2.572e-05,2.328e-05,2.476e-05,224523205362.0,1731887999999,5539016.69886902,23599,121071400489.00,2984666.51693040,0
2024-11-18,2.476e-05,2.584e-05,2.405e-05,2.486e-05,214950826498.0,1731974399999,5343754.08190948,25196,123140002093.00,3060083.41839631,0
2024-11-19,2.486e-05,2.616e-05,2.43e-05,2.479e-05,224098685009.0,1732060799999,5650975.77065899,28709,120011509081.00,3028958.27128246,0
2024-11-20,2.479e-05,2.485e-05,2.34e-05,2.39e-05,163223722214.0,1732147199999,3957622.72484986,16978,77467637753.00,1877624.58438273,0
2024-11-21,2.39e-05,2.547e-05,2.307e-05,2.48e-05,177040334475.0,1732233599999,4312679.39918587,18168,85435454830.00,2084088.18036212,0
2024-11-22,2.48e-05,2.578e-05,2.423e-05,2.543e-05,218033101700.0,1732319999999,5436211.21431682,27053,104053664950.00,2594969.66904814,0
2024-11-23,2.545e-05,2.815e-05,2.492e-05,2.595e-05,407467651652.0,1732406399999,10931542.03892472,51455,202496807538.00,5431971.84800476,0
2024-11-24,2.596e-05,2.821e-05,2.43e-05,2.577e-05,308219697898.0,1732492799999,8003537.37529896,35428,137947552405.00,3591878.65398305,0
2024-11-25,2.578e-05,2.65e-05,2.432e-05,2.476e-05,201744700468.0,1732579199999,5161548.27283590,26955,103631541803.00,2654649.41164402,0
2024-11-26,2.476e-05,2.544e-05,2.333e-05,2.435e-05,121686970908.0,1732665599999,2955501.34354823,21655,64277514364.00,1564061.38080087,0
2024-11-27,2.435e-05,2.589e-05,2.404e-05,2.575e-05,100474606569.0,1732751999999,2523580.63026226,15541,51018058953.00,1281624.20383041,0
2024-11-28,2.576e-05,2.653e-05,2.489e-05,2.549e-05,80402156104.0,1732838399999,2053810.24817578,15616,43122512810.00,1103082.23030074,0
2024-11-29,2.55e-05,2.637e-05,2.532e-05,2.603e-05,132193195985.0,1732924799999,3432316.35164997,21005,70223526428.00,1823544.08619136,0
2024-11-30,2.606e-05,2.757e-05,2.559e-05,2.674e-05,188179726922.0,1733011199999,5036667.73147025,24818,104852549729.00,2807899.12436374,0
2024-12-01,2.675e-05,3.32e-05,2.66e-05,3.089e-05,1064000661411.0,1733097599999,32782498.69905279,138031,596615494110.00,18374972.97908213,0
2024-12-02,3.09e-05,3.264e-05,2.823e-05,2.993e-05,473625906317.0,1733183999999,14143176.03607263,84048,240628079864.00,7187750.47037029,0
2024-12-03,2.994e-05,3.097e-05,2.659e-05,2.863e-05,324988128321.0,1733270399999,9309640.91644849,59891,159531568401.00,4571383.74814513,0
2024-12-04,2.864e-05,3.304e-05,2.864e-05,3.29e-05,449086012632.0,1733356799999,13743610.68743857,92511,231459323888.00,7120832.05485811,0
2024-12-05,3.291e-05,3.298e-05,2.96e-05,3.051e-05,493746793389.0,1733443199999,15507331.40601050,99700,248136895028.00,7799738.25000264,0
2024-12-06,3.048e-05,3.157e-05,2.937e-05,3.089e-05,218233664726.0,1733529599999,6698829.57266938,37829,102470071779.00,3148547.78619547,0
2024-12-07,3.088e-05,3.336e-05,3.034e-05,3.202e-05,261760018417.0,1733615999999,8355901.26888597,46902,135567767293.00,4330004.14702570,0
2024-12-08,3.201e-05,3.345e-05,3.121e-05,3.221e-05,184175360777.0,1733702399999,5922900.62014417,45081,89858954236.00,2894562.61471331,0
2024-12-09,3.222e-05,3.222e-05,2.4e-05,2.725e-05,329037490774.0,1733788799999,9386714.59116666,80569,146985834028.00,4201308.30596407,0
2024-12-10,2.726e-05,2.773e-05,2.418e-05,2.718e-05,269457342462.0,1733875199999,7031531.84373809,52100,141269239549.00,3709431.84274695,0
2024-12-11,2.717e-05,2.935e-05,2.602e-05,2.882e-05,200636654245.0,1733961599999,5627060.08973932,30510,100189003601.00,2812526.10571642,0
2024-12-12,2.883e-05,2.98e-05,2.778e-05,2.814e-05,142613850458.0,1734047999999,4116697.34158082,27141,83467105156.00,2417027.90461140,0
2024-12-13,2.81e-05,2.859e-05,2.745e-05,2.854e-05,83653140642.0,1734134399999,2343687.65043163,15271,43759671032.00,1225973.26661254,0
2024-12-14,2.853e-05,2.883e-05,2.683e-05,2.749e-05,98214106721.0,1734220799999,2734558.90988651,14790,49757749852.00,1386698.01151944,0
2024-12-15,2.748e-05,2.804e-05,2.684e-05,2.787e-05,65637134756.0,1734307199999,1805179.81290548,12252,34364556455.00,945970.86132222,0
2024-12-16,2.789e-05,2.83e-05,2.654e-05,2.72e-05,99638046651.0,1734393599999,2728512.39165219,16867,54240203861.00,1484348.08446702,0
2024-12-17,2.719e-05,2.749e-05,2.601e-05,2.635e-05,92780406815.0,1734479999999,2495663.19309138,17988,46801409483.00,1260587.86050139,0
2024-12-18,2.634e-05,2.648e-05,2.37e-05,2.403e-05,186316587546.0,1734566399999,4660094.98647216,25277,94608090390.00,2371200.03896089,0
2024-12-19,2.404e-05,2.448e-05,2.102e-05,2.156e-05,306671966321.0,1734652799999,6962688.02060928,35048,157401081799.00,3573587.03991785,0
2024-12-20,2.16e-05,2.27e-05,1.851e-05,2.245e-05,320008339585.0,1734739199999,6533613.50474520,33898,171899187862.00,3505295.19048276,0
2024-12-21,2.246e-05,2.398e-05,2.143e-05,2.167e-05,170227361552.0,1734825599999,3851037.06186065,20312,83560282646.00,1892467.02637438,0
2024-12-22,2.17e-05,2.222e-05,2.088e-05,2.151e-05,62550743055.0,1734911999999,1352294.77101773,12087,31205189891.00,676394.99566939,0
2024-12-23,2.15e-05,2.283e-05,2.095e-05,2.244e-05,125205123795.0,1734998399999,2740614.96602626,16607,65218775591.00,1430314.38316745,0
2024-12-24,2.245e-05,2.363e-05,2.191e-05,2.348e-05,89941140071.0,1735084799999,2057116.56604601,11585,46469162982.00,1062398.73900435,0
2024-12-25,2.347e-05,2.405e-05,2.255e-05,2.281e-05,81884487530.0,1735171199999,1897937.97499699,10323,38575416073.00,895266.13310016,0
2024-12-26,2.282e-05,2.31e-05,2.126e-05,2.157e-05,76528065831.0,1735257599999,1672520.04338489,9577,43393487208.00,946762.48037772,0
2024-12-27,2.156e-05,2.24e-05,2.133e-05,2.166e-05,81972727433.0,1735343999999,1789369.16281042,10370,39936915886.00,872617.93360964,0
2024-12-28,2.166e-05,2.233e-05,2.15e-05,2.216e-05,52236214775.0,1735430399999,1146316.91734640,6054,27979650585.00,614499.25859923,0
2024-12-29,2.214e-05,2.24e-05,2.127e-05,2.131e-05,62657555639.0,1735516799999,1368544.18276756,7808,27855151487.00,609280.09415478,0
2024-12-30,2.128e-05,2.185e-05,2.05e-05,2.111e-05,138459669641.0,1735603199999,2934950.36424271,15514,67132661016.00,1423648.59018932,0
2024-12-31,2.11e-05,2.189e-05,2.049e-05,2.114e-05,104044088832.0,1735689599999,2208319.68787621,13749,56357159545.00,1194458.45028507,0
2025-01-01,2.114e-05,2.177e-05,2.066e-05,2.165e-05,78196747810.0,1735775999999,1663201.42245875,9906,44236362941.00,940895.20155866,0
2025-01-02,2.165e-05,2.303e-05,2.156e-05,2.287e-05,154243816586.0,1735862399999,3468544.66563284,18142,84532559899.00,1900613.78092209,0
2025-01-03,2.289e-05,2.462e-05,2.248e-05,2.442e-05,154043529058.0,1735948799999,3644947.64285372,19236,78128323037.00,1845067.13245580,0
2025-01-04,2.442e-05,2.491e-05,2.389e-05,2.432e-05,101771992897.0,1736035199999,2481375.49284314,14866,50683956760.00,1236044.17991205,0
2025-01-05,2.433e-05,2.44e-05,2.346e-05,2.392e-05,91999881224.0,1736121599999,2192039.60204231,9407,41771475590.00,995342.80053166,0
2025-01-06,2.395e-05,2.462e-05,2.342e-05,2.406e-05,113833646762.0,1736207999999,2741009.14672021,16895,57845963107.00,1394329.58060724,0
2025-01-07,2.406e-05,2.429e-05,2.167e-05,2.18e-05,251705905084.0,1736294399999,5742725.27736154,27493,127830190374.00,2918940.90752213,0
2025-01-08,2.179e-05,2.197e-05,2.024e-05,2.129e-05,157742904818.0,1736380799999,3359199.32418229,21923,75087259225.00,1599186.58874199,0
2025-01-09,2.129e-05,2.203e-05,2.048e-05,2.105e-05,123731451091.0,1736467199999,2621561.86724651,19628,61710817327.00,1309337.18620898,0
2025-01-10,2.109e-05,2.19e-05,2.104e-05,2.156e-05,93908978449.0,1736553599999,2016505.35725354,15909,45501340369.00,978630.46428062,0
2025-01-11,2.155e-05,2.272e-05,2.135e-05,2.22e-05,116029286518.0,1736639999999,2569132.23496594,13500,40104749049.00,882311.84828981,0
2025-01-12,2.221e-05,2.221e-05,2.128e-05,2.155e-05,57371349444.0,1736726399999,1245904.05287479,8445,27127707235.00,589002.51881629,0
2025-01-13,2.155e-05,2.215e-05,1.96e-05,2.119e-05,182994719897.0,1736812799999,3776971.98407548,23611,95319681138.00,1969388.38231708,0
2025-01-14,2.119e-05,2.198e-05,2.11e-05,2.161e-05,94478015051.0,1736899199999,2026997.34743977,10956,43706929364.00,937406.77706048,0
2025-01-15,2.161e-05,2.285e-05,2.092e-05,2.273e-05,193339435968.0,1736985599999,4220640.37365969,20722,110774140049.00,2420267.59916884,0
2025-01-16,2.275e-05,2.282e-05,2.169e-05,2.2e-05,127432832578.0,1737071999999,2831073.94219515,17934,73460544068.00,1633275.99066558,0
2025-01-17,2.201e-05,2.462e-05,2.201e-05,2.422e-05,322181239524.0,1737158399999,7686818.14407997,33250,176180706373.00,4195764.28080290,0
2025-01-18,2.421e-05,2.496e-05,2.233e-05,2.275e-05,301524478581.0,1737244799999,7002887.84896556,36257,165820019745.00,3835820.41703671,0
2025-01-19,2.275e-05,2.323e-05,1.975e-05,2.031e-05,399773552053.0,1737331199999,8461993.05880174,50356,192789717961.00,4090527.97998744,0
2025-01-20,2.031e-05,2.214e-05,1.963e-05,2.03e-05,322739456247.0,1737417599999,6672763.87114017,46641,174705697241.00,3618008.73969147,0
2025-01-21,2.03e-05,2.132e-05,1.963e-05,2.09e-05,125492793406.0,1737503999999,2576008.30844268,25674,59337077800.00,1217039.42452660,0
2025-01-22,2.09e-05,2.099e-05,2.005e-05,2.015e-05,78125355383.0,1737590399999,1597978.80595187,12233,48038030874.00,983019.83489157,0
2025-01-23,2.017e-05,2.05e-05,1.955e-05,2.015e-05,90938029673.0,1737676799999,1817381.40657877,19249,44764491889.00,894654.03438220,0
2025-01-24,2.015e-05,2.056e-05,1.949e-05,1.996e-05,97622417514.0,1737763199999,1963910.44728704,11245,51821691844.00,1042961.78596449,0
2025-01-25,1.996e-05,2.023e-05,1.969e-05,1.992e-05,55952559372.0,1737849599999,1119315.07724180,5271,29888852376.00,598003.84245017,0
2025-01-26,1.994e-05,2.015e-05,1.902e-05,1.907e-05,89781780194.0,1737935999999,1763401.19384090,7549,51466199700.00,1013165.69373444,0
2025-01-27,1.909e-05,1.916e-05,1.727e-05,1.898e-05,283367550300.0,1738022399999,5187685.22761919,20850,157207878178.00,2884114.65694920,0
2025-01-28,1.898e-05,1.932e-05,1.771e-05,1.796e-05,110574041761.0,1738108799999,2067427.28163512,10122,49105500295.00,918307.29456726,0
2025-01-29,1.795e-05,1.881e-05,1.781e-05,1.829e-05,208268789567.0,1738195199999,3831673.11333480,12836,108900451366.00,2001654.10344276,0
2025-01-30,1.831e-05,1.898e-05,1.817e-05,1.869e-05,111059754767.0,1738281599999,2071365.38406511,8200,58991349088.00,1100923.86151486,0
2025-01-31,1.87e-05,1.968e-05,1.849e-05,1.888e-05,143781538708.0,1738367999999,2740276.82324809,13450,63438398032.00,1208064.21767782,0
2025-02-01,1.889e-05,1.923e-05,1.744e-05,1.761e-05,140092570068.0,1738454399999,2575893.07004919,11189,80178738880.00,1472973.27003944,0
2025-02-02,1.76e-05,1.795e-05,1.471e-05,1.551e-05,546692791999.0,1738540799999,8818030.20529982,28321,272223639929.00,4396838.91619859,0
2025-02-03,1.552e-05,1.689e-05,1.156e-05,1.682e-05,1518624360047.0,1738627199999,21373379.81966138,65458,743725196501.00,10459453.57764733,0
2025-02-04,1.682e-05,1.695e-05,1.508e-05,1.575e-05,383625036738.0,1738713599999,6060661.90356608,20680,185045268391.00,2928531.11622378,0
2025-02-05,1.575e-05,1.676e-05,1.55e-05,1.576e-05,227067435604.0,1738799999999,3661929.16726333,14921,114996800221.00,1857996.86294788,0
2025-02-06,1.577e-05,1.616e-05,1.473e-05,1.486e-05,177500444080.0,1738886399999,2743991.52988336,14777,76500681797.00,1182299.74378483,0
2025-02-07,1.487e-05,1.571e-05,1.462e-05,1.51e-05,173487569565.0,1738972799999,2631041.78486218,14543,83434147388.00,1266590.61638313,0
2025-02-08,1.507e-05,1.606e-05,1.502e-05,1.596e-05,134563996256.0,1739059199999,2100182.17136260,11195,70176124428.00,1094899.68937504,0
2025-02-09,1.597e-05,1.654e-05,1.515e-05,1.567e-05,149648354209.0,1739145599999,2376247.15343022,13257,70299957818.00,1115949.14340291,0
2025-02-10,1.566e-05,1.611e-05,1.529e-05,1.58e-05,105986619366.0,1739231999999,1675160.47124242,12386,53044784236.00,838425.77892770,0
2025-02-11,1.582e-05,1.649e-05,1.545e-05,1.569e-05,152453060843.0,1739318399999,2436373.05996573,13660,83386905176.00,1330944.72941718,0
2025-02-12,1.568e-05,1.734e-05,1.549e-05,1.699e-05,215482786657.0,1739404799999,3483158.78096888,22225,116504061616.00,1886248.79251526,0
2025-02-13,1.7e-05,1.704e-05,1.592e-05,1.63e-05,107279298354.0,1739491199999,1755405.33562104,11478,54630039202.00,894931.98186905,0
2025-02-14,1.632e-05,1.719e-05,1.619e-05,1.672e-05,149166434494.0,1739577599999,2490018.28527827,13324,78343757203.00,1308838.75973882,0
2025-02-15,1.671e-05,1.703e-05,1.624e-05,1.632e-05,72320284737.0,1739663999999,1201004.54135471,7461,39816954796.00,662616.50790066,0
2025-02-16,1.632e-05,1.639e-05,1.584e-05,1.598e-05,60027305926.0,1739750399999,966420.92791345,7027,29600171419.00,476435.09030856,0
2025-02-17,1.596e-05,1.629e-05,1.538e-05,1.575e-05,129337223757.0,1739836799999,2045993.51293664,12409,59506975394.00,938955.66428882,0
2025-02-18,1.575e-05,1.579e-05,1.486e-05,1.522e-05,128156729661.0,1739923199999,1953942.10819461,12629,60988116036.00,930655.69204359,0
2025-02-19,1.523e-05,1.554e-05,1.505e-05,1.541e-05,63477820789.0,1740009599999,973540.20967936,9243,32076700387.00,491965.37604483,0
2025-02-20,1.542e-05,1.561e-05,1.53e-05,1.555e-05,69493717405.0,1740095999999,1074474.34076684,8416,35353533563.00,546911.51308481,0
2025-02-21,1.556e-05,1.598e-05,1.484e-05,1.507e-05,113745524151.0,1740182399999,1763775.03356205,13511,59703761649.00,926145.85715117,0
2025-02-22,1.507e-05,1.578e-05,1.502e-05,1.56e-05,51814495590.0,1740268799999,798710.98809970,7883,27151711190.00,418462.07709638,0
2025-02-23,1.561e-05,1.578e-05,1.533e-05,1.546e-05,47666990254.0,1740355199999,741077.41168758,7180,24499196795.00,381088.10986837,0
2025-02-24,1.546e-05,1.556e-05,1.344e-05,1.365e-05,186771281497.0,1740441599999,2684169.44760359,18691,95368045775.00,1369644.14526525,0
2025-02-25,1.364e-05,1.426e-05,1.304e-05,1.407e-05,292103499114.0,1740527999999,3977310.28342875,29421,150415663355.00,2049332.86039480,0
2025-02-26,1.409e-05,1.453e-05,1.375e-05,1.441e-05,154590289552.0,1740614399999,2188951.76542164,19716,76168686037.00,1078799.45984038,0
2025-02-27,1.442e-05,1.485e-05,1.419e-05,1.441e-05,126375593513.0,1740700799999,1834640.51234661,14815,65878253540.00,956297.80545026,0
2025-02-28,1.441e-05,1.444e-05,1.299e-05,1.393e-05,243981381888.0,1740787199999,3300793.72674059,22011,124053007937.00,1678444.30187327,0
2025-03-01,1.393e-05,1.415e-05,1.339e-05,1.364e-05,105990122158.0,1740873599999,1456961.09158135,12076,55382184549.00,761324.46117088,0
2025-03-02,1.364e-05,1.519e-05,1.348e-05,1.516e-05,311762454910.0,1740959999999,4486299.31991096,25085,152609762670.00,2199684.81400467,0
2025-03-03,1.516e-05,1.52e-05,1.269e-05,1.291e-05,277460956319.0,1741046399999,3794739.91043719,19549,137493776423.00,1878234.91997402,0
2025-03-04,1.29e-05,1.325e-05,1.218e-05,1.308e-05,307460273062.0,1741132799999,3896651.69408820,20803,146558828518.00,1860447.74573458,0
2025-03-05,1.308e-05,1.344e-05,1.286e-05,1.337e-05,116040631820.0,1741219199999,1526020.04350185,10903,55120804597.00,724554.00580975,0
2025-03-06,1.336e-05,1.383e-05,1.316e-05,1.34e-05,102330272133.0,1741305599999,1377057.78754225,9595,52272826454.00,703494.04554723,0
2025-03-07,1.34e-05,1.375e-05,1.277e-05,1.314e-05,157624637793.0,1741391999999,2106550.81042968,16135,77915026247.00,1041667.55497799,0
2025-03-08,1.314e-05,1.325e-05,1.256e-05,1.266e-05,130295175772.0,1741478399999,1678583.58983852,7148,81140379149.00,1044832.81247112,0
2025-03-09,1.266e-05,1.271e-05,1.152e-05,1.163e-05,151632349870.0,1741564799999,1820095.80749716,12608,72974212591.00,876368.65560647,0
2025-03-10,1.166e-05,1.3e-05,1.143e-05,1.149e-05,381787292588.0,1741651199999,4638327.03593615,21538,194237109504.00,2356879.05662724,0
2025-03-11,1.15e-05,1.228e-05,1.081e-05,1.204e-05,276557422801.0,1741737599999,3195699.51928417,19281,140283753356.00,1624548.86124958,0
2025-03-12,1.206e-05,1.26e-05,1.177e-05,1.232e-05,155888163155.0,1741823999999,1904445.72209376,16554,71761519198.00,877175.60574616,0
2025-03-13,1.233e-05,1.239e-05,1.179e-05,1.202e-05,149313730905.0,1741910399999,1810189.85921812,14574,69394787016.00,841283.73679491,0
2025-03-14,1.202e-05,1.291e-05,1.198e-05,1.277e-05,79405649192.0,1741996799999,993069.44240710,11842,41470565005.00,518651.11021480,0
2025-03-15,1.278e-05,1.297e-05,1.263e-05,1.283e-05,66046270512.0,1742083199999,843113.75537115,6680,36571501435.00,466722.51111272,0
2025-03-16,1.284e-05,1.383e-05,1.257e-05,1.312e-05,175333093073.0,1742169599999,2312190.32391285,21566,87867896014.00,1159409.38024054,0
2025-03-17,1.312e-05,1.36e-05,1.278e-05,1.296e-05,110719137877.0,1742255999999,1454316.61486984,14795,61966857862.00,813921.99805306,0
2025-03-18,1.296e-05,1.296e-05,1.227e-05,1.254e-05,84643002250.0,1742342399999,1063977.49544354,11698,47609976312.00,599134.36930676,0
2025-03-19,1.255e-05,1.3e-05,1.248e-05,1.294e-05,127766619527.0,1742428799999,1628629.57814138,14872,70686201820.00,901122.51387828,0
2025-03-20,1.295e-05,1.304e-05,1.259e-05,1.293e-05,84179199680.0,1742515199999,1081160.49750042,10555,41908285536.00,538474.29823459,0
2025-03-21,1.293e-05,1.308e-05,1.245e-05,1.25e-05,85225092070.0,1742601599999,1084111.27195722,8664,43345880877.00,551091.51802782,0
2025-03-22,1.249e-05,1.296e-05,1.248e-05,1.279e-05,51675608582.0,1742687999999,659098.48601379,5267,21870448292.00,278973.53177717,0
2025-03-23,1.28e-05,1.311e-05,1.278e-05,1.296e-05,98520284040.0,1742774399999,1275443.22186067,7168,48981080400.00,633937.46830355,0
2025-03-24,1.295e-05,1.37e-05,1.278e-05,1.354e-05,141381385259.0,1742860799999,1886635.63634973,15364,75434048815.00,1007132.74076925,0
2025-03-25,1.353e-05,1.406e-05,1.335e-05,1.386e-05,133030026848.0,1742947199999,1818516.42398384,12051,65061212577.00,889496.48713334,0
2025-03-26,1.386e-05,1.567e-05,1.38e-05,1.421e-05,429561626184.0,1743033599999,6379594.39233188,31906,225654386978.00,3348881.93295008,0
2025-03-27,1.421e-05,1.473e-05,1.393e-05,1.402e-05,201309849695.0,1743119999999,2878880.73088532,16300,100860254004.00,1445669.24355902,0
2025-03-28,1.402e-05,1.404e-05,1.301e-05,1.323e-05,139439831486.0,1743206399999,1863371.41748816,14547,65399386530.00,874076.76851374,0
2025-03-29,1.322e-05,1.337e-05,1.244e-05,1.267e-05,124868285725.0,1743292799999,1600222.39052343,13534,58530864915.00,750535.92584042,0
2025-03-30,1.267e-05,1.284e-05,1.228e-05,1.243e-05,75961790062.0,1743379199999,956061.61425435,7214,36684001100.00,462035.65115398,0
2025-03-31,1.245e-05,1.257e-05,1.197e-05,1.237e-05,120082946536.0,1743465599999,1477069.44021662,13202,57129847422.00,702629.16341520,0
2025-04-01,1.238e-05,1.314e-05,1.237e-05,1.269e-05,134823886191.0,1743551999999,1724003.55838125,16444,66945631420.00,855776.84340755,0
2025-04-02,1.269e-05,1.305e-05,1.195e-05,1.204e-05,254893169101.0,1743638399999,3196705.52841879,22256,129272600039.00,1622451.92786478,0
2025-04-03,1.205e-05,1.244e-05,1.182e-05,1.223e-05,107467494085.0,1743724799999,1307465.73676261,12603,49820700553.00,606256.07297153,0
2025-04-04,1.224e-05,1.254e-05,1.193e-05,1.23e-05,200771768407.0,1743811199999,2458026.08797962,19296,107823235037.00,1321002.27526124,0
2025-04-05,1.231e-05,1.242e-05,1.208e-05,1.233e-05,95971660351.0,1743897599999,1177281.27115403,8973,47697552614.00,585189.19418235,0
2025-04-06,1.234e-05,1.238e-05,1.101e-05,1.132e-05,226230923598.0,1743983999999,2645678.34149200,16959,105192703876.00,1230257.71042257,0
2025-04-07,1.132e-05,1.182e-05,1.028e-05,1.141e-05,389480769148.0,1744070399999,4320702.89967985,30296,199468338935.00,2214792.87595479,0
2025-04-08,1.142e-05,1.172e-05,1.051e-05,1.064e-05,219620299701.0,1744156799999,2438009.18991861,16333,114918054457.00,1275140.86460050,0
2025-04-09,1.065e-05,1.214e-05,1.029e-05,1.193e-05,266086616001.0,1744243199999,3022245.07397149,19226,135049414871.00,1535858.17176231,0
2025-04-10,1.192e-05,1.213e-05,1.141e-05,1.162e-05,225998763360.0,1744329599999,2657374.67855269,20535,116065964216.00,1365480.32143416,0
2025-04-11,1.163e-05,1.237e-05,1.16e-05,1.221e-05,200662782915.0,1744415999999,2414870.98092724,17494,107373505764.00,1292317.15426193,0
2025-04-12,1.222e-05,1.268e-05,1.204e-05,1.253e-05,163574651356.0,1744502399999,2029484.03191691,14467,84748256480.00,1051733.78139904,0
2025-04-13,1.254e-05,1.259e-05,1.193e-05,1.205e-05,207358377062.0,1744588799999,2535046.34946070,16635,111894055575.00,1368270.13079311,0
2025-04-14,1.205e-05,1.242e-05,1.194e-05,1.201e-05,185430821508.0,1744675199999,2262007.08062954,18879,99526321551.00,1214483.64631806,0
2025-04-15,1.201e-05,1.215e-05,1.166e-05,1.168e-05,151802362046.0,1744761599999,1807161.38580627,14942,76544802929.00,912102.91765606,0
2025-04-16,1.168e-05,1.199e-05,1.147e-05,1.184e-05,211325259538.0,1744847999999,2475489.86363431,22549,106772121172.00,1250699.10191000,0
2025-04-17,1.183e-05,1.205e-05,1.162e-05,1.179e-05,127675084177.0,1744934399999,1514926.96426586,14313,64967363958.00,770760.74415734,0
2025-04-18,1.18e-05,1.246e-05,1.168e-05,1.229e-05,123481779411.0,1745020799999,1495161.41929402,13550,63157804828.00,764830.06680412,0
2025-04-19,1.228e-05,1.242e-05,1.213e-05,1.235e-05,81902431642.0,1745107199999,1002692.80245890,8577,41333550862.00,506156.73944624,0
2025-04-20,1.235e-05,1.255e-05,1.209e-05,1.236e-05,126159178344.0,1745193599999,1560828.77532961,11188,60799041371.00,752190.70345304,0
2025-04-21,1.236e-05,1.281e-05,1.221e-05,1.237e-05,162962594451.0,1745279999999,2042680.96636934,14797,86209639450.00,1081890.41644829,0
2025-04-22,1.237e-05,1.381e-05,1.218e-05,1.357e-05,287685379771.0,1745366399999,3720776.72714553,25720,159800280176.00,2065992.44128407,0
2025-04-23,1.358e-05,1.391e-05,1.315e-05,1.357e-05,228667056605.0,1745452799999,3110838.00180998,24186,114295121451.00,1556287.33658745,0
2025-04-24,1.358e-05,1.38e-05,1.291e-05,1.379e-05,202636227788.0,1745539199999,2705270.08302511,19950,88364076410.00,1181319.90842579,0
2025-04-25,1.379e-05,1.429e-05,1.367e-05,1.416e-05,288068367793.0,1745625599999,4040073.23180162,29264,151702845216.00,2127841.20681284,0
2025-04-26,1.418e-05,1.524e-05,1.405e-05,1.415e-05,250581383135.0,1745711999999,3640486.71675645,28274,129675174256.00,1887085.65308877,0
2025-04-27,1.415e-05,1.419e-05,1.343e-05,1.344e-05,171519421698.0,1745798399999,2348200.32048630,16745,80719517070.00,1104692.47947062,0
2025-04-28,1.346e-05,1.421e-05,1.317e-05,1.374e-05,204529890619.0,1745884799999,2801086.21268720,23341,106400309847.00,1459511.09276734,0
2025-04-29,1.374e-05,1.393e-05,1.326e-05,1.342e-05,141093823388.0,1745971199999,1926168.65089112,17028,75207038492.00,1026927.46132248,0
2025-04-30,1.342e-05,1.354e-05,1.279e-05,1.324e-05,112609269531.0,1746057599999,1488939.84289866,15190,50031895010.00,662737.92001479,0
2025-05-01,1.324e-05,1.375e-05,1.32e-05,1.35e-05,114194494455.0,1746143999999,1544017.11969698,14694,58046293383.00,785097.60869100,0
2025-05-02,1.35e-05,1.369e-05,1.329e-05,1.347e-05,90168054447.0,1746230399999,1215972.67803263,11567,45920905877.00,619789.33430303,0
2025-05-03,1.347e-05,1.349e-05,1.289e-05,1.297e-05,94059744319.0,1746316799999,1235566.54049325,12059,44387412333.00,583021.20745534,0
2025-05-04,1.297e-05,1.324e-05,1.26e-05,1.267e-05,118499180474.0,1746403199999,1521545.48602202,11492,53195610212.00,683465.95508035,0
2025-05-05,1.267e-05,1.298e-05,1.253e-05,1.268e-05,109994402240.0,1746489599999,1398982.42706459,10868,57539396525.00,733170.39861725,0
2025-05-06,1.269e-05,1.277e-05,1.231e-05,1.275e-05,112916167463.0,1746575999999,1414342.35626073,14413,56386695906.00,706855.68424984,0
2025-05-07,1.275e-05,1.294e-05,1.256e-05,1.28e-05,76658472384.0,1746662399999,978538.31350645,18956,37415779261.00,477671.95383101,0
2025-05-08,1.281e-05,1.458e-05,1.273e-05,1.439e-05,229056421362.0,1746748799999,3162003.70466610,37712,122274144275.00,1687484.25285292,0
2025-05-09,1.439e-05,1.563e-05,1.412e-05,1.504e-05,407577360899.0,1746835199999,6105901.19386561,55550,200241162768.00,3004388.14828109,0
2025-05-10,1.504e-05,1.709e-05,1.486e-05,1.706e-05,387309903896.0,1746921599999,6188422.81758666,54319,191171997361.00,3050627.36225356,0
2025-05-11,1.707e-05,1.728e-05,1.559e-05,1.59e-05,282998378857.0,1747007999999,4567857.58229680,42747,136747657045.00,2212476.25270880,0
2025-05-12,1.59e-05,1.764e-05,1.504e-05,1.577e-05,543244498372.0,1747094399999,8958412.05788790,75722,277090693866.00,4569307.72323293,0
2025-05-13,1.577e-05,1.662e-05,1.479e-05,1.636e-05,267852386257.0,1747180799999,4209146.19291167,41536,136224450394.00,2143662.05655138,0
2025-05-14,1.636e-05,1.671e-05,1.552e-05,1.572e-05,173948844216.0,1747267199999,2784755.71665876,34847,86636237492.00,1387470.86953406,0
2025-05-15,1.573e-05,1.59e-05,1.445e-05,1.482e-05,223282750772.0,1747353599999,3345347.60582438,53876,108966743000.00,1633433.80279676,0
2025-05-16,1.483e-05,1.521e-05,1.442e-05,1.457e-05,116178339131.0,1747439999999,1736810.94372774,36376,61644638557.00,922462.61778316,0
2025-05-17,1.458e-05,1.462e-05,1.398e-05,1.419e-05,134168886632.0,1747526399999,1907858.25290027,26705,57833652346.00,822730.27300940,0
2025-05-18,1.42e-05,1.535e-05,1.409e-05,1.501e-05,192710491879.0,1747612799999,2828363.22779916,34169,96184644378.00,1413091.67245949,0
2025-05-19,1.501e-05,1.514e-05,1.389e-05,1.46e-05,170470101828.0,1747699199999,2438249.41724543,33943,82438368546.00,1179951.08023193,0
2025-05-20,1.46e-05,1.492e-05,1.413e-05,1.461e-05,112180802016.0,1747785599999,1621286.20118526,26059,54787958502.00,792452.27593314,0
2025-05-21,1.462e-05,1.517e-05,1.429e-05,1.483e-05,218575134120.0,1747871999999,3210356.53449908,43248,107570131084.00,1580728.40577475,0
2025-05-22,1.485e-05,1.554e-05,1.483e-05,1.554e-05,192543994663.0,1747958399999,2935678.16894476,31263,96337739784.00,1469331.58509100,0
2025-05-23,1.554e-05,1.605e-05,1.419e-05,1.432e-05,301327102075.0,1748044799999,4548012.42591200,53742,157403477102.00,2379124.02016885,0
2025-05-24,1.432e-05,1.459e-05,1.424e-05,1.438e-05,77135304062.0,1748131199999,1113129.85053919,11618,36453364211.00,526273.59263568,0
2025-05-25,1.438e-05,1.469e-05,1.393e-05,1.449e-05,125244055974.0,1748217599999,1787915.54127952,17554,60682779598.00,867592.12552132,0
2025-05-26,1.449e-05,1.477e-05,1.42e-05,1.44e-05,96153209527.0,1748303999999,1393557.71955532,13572,47835083521.00,693394.43266612,0
2025-05-27,1.441e-05,1.468e-05,1.405e-05,1.447e-05,170311720787.0,1748390399999,2465276.64725446,17838,83563644008.00,1208012.75473619,0
2025-05-28,1.447e-05,1.455e-05,1.394e-05,1.433e-05,115471070966.0,1748476799999,1641664.90179089,14313,52111546612.00,741573.39009019,0
2025-05-29,1.433e-05,1.47e-05,1.383e-05,1.39e-05,146012933865.0,1748563199999,2087732.70954159,17743,72158116870.00,1032649.05081560,0
2025-05-30,1.388e-05,1.397e-05,1.268e-05,1.276e-05,240389547159.0,1748649599999,3191137.43887046,25410,107670682076.00,1431346.52769275,0
2025-05-31,1.277e-05,1.295e-05,1.226e-05,1.282e-05,180907585819.0,1748735999999,2275910.12320151,21468,93714432010.00,1179864.31479640,0
2025-06-01,1.283e-05,1.309e-05,1.257e-05,1.295e-05,74233769773.0,1748822399999,954383.18535527,9231,35461104607.00,456185.94718012,0
2025-06-02,1.295e-05,1.325e-05,1.264e-05,1.321e-05,109923920983.0,1748908799999,1419071.89197912,11067,51121262466.00,660819.62263244,0
2025-06-03,1.321e-05,1.344e-05,1.294e-05,1.305e-05,115966436513.0,1748995199999,1532119.60673743,11200,52589732282.00,694949.45711236,0
2025-06-04,1.305e-05,1.32e-05,1.271e-05,1.282e-05,87624921882.0,1749081599999,1135362.25656509,9189,41498626371.00,537335.38661241,0
2025-06-05,1.282e-05,1.297e-05,1.19e-05,1.202e-05,190331586951.0,1749167999999,2355462.86459314,17070,93681697240.00,1160629.08966932,0
2025-06-06,1.202e-05,1.286e-05,1.195e-05,1.243e-05,120099230383.0,1749254399999,1489301.31694802,10717,53752158390.00,665338.22548137,0
2025-06-07,1.243e-05,1.289e-05,1.236e-05,1.273e-05,58809410617.0,1749340799999,748970.23727500,6319,30405579190.00,387102.94527768,0
2025-06-08,1.274e-05,1.274e-05,1.242e-05,1.25e-05,63493625613.0,1749427199999,800122.24033209,7005,27667944334.00,348758.09712511,0
2025-06-09,1.25e-05,1.317e-05,1.234e-05,1.312e-05,86965582959.0,1749513599999,1102871.23715615,11154,44000528512.00,559122.38760418,0
2025-06-10,1.313e-05,1.339e-05,1.283e-05,1.337e-05,154738074096.0,1749599999999,2030602.24729811,17380,74297294044.00,974352.15202547,0
2025-06-11,1.336e-05,1.362e-05,1.285e-05,1.295e-05,128211617164.0,1749686399999,1699496.53980488,18526,70984260111.00,940297.39174587,0
2025-06-12,1.295e-05,1.301e-05,1.213e-05,1.221e-05,103211268560.0,1749772799999,1299645.86703685,14014,50505839120.00,637183.64526369,0
2025-06-13,1.222e-05,1.222e-05,1.14e-05,1.212e-05,206390436213.0,1749859199999,2426262.66324761,19627,98018029765.00,1153112.33761023,0
2025-06-14,1.211e-05,1.225e-05,1.187e-05,1.205e-05,82741023096.0,1749945599999,999985.47725739,10935,39072201301.00,472468.79484592,0
2025-06-15,1.204e-05,1.216e-05,1.181e-05,1.204e-05,88634015876.0,1750031999999,1062865.98074217,10153,44980535539.00,539498.10311839,0
2025-06-16,1.204e-05,1.233e-05,1.185e-05,1.188e-05,133086396495.0,1750118399999,1616085.03723500,13496,67420948764.00,818772.61490152,0
2025-06-17,1.187e-05,1.208e-05,1.134e-05,1.161e-05,118937977909.0,1750204799999,1390963.52149592,13262,57328811424.00,671009.51128758,0
2025-06-18,1.162e-05,1.179e-05,1.136e-05,1.168e-05,98425793383.0,1750291199999,1142976.08323237,10408,49258221245.00,572378.43302968,0
2025-06-19,1.169e-05,1.177e-05,1.143e-05,1.158e-05,72413608461.0,1750377599999,837904.89262791,6309,34816353214.00,402970.12705819,0
2025-06-20,1.159e-05,1.184e-05,1.107e-05,1.13e-05,95392014183.0,1750463999999,1092680.34444872,8990,41215568708.00,472912.67935386,0
2025-06-21,1.131e-05,1.143e-05,1.058e-05,1.09e-05,109279086334.0,1750550399999,1210491.30973534,9672,55021161411.00,610882.78268609,0
2025-06-22,1.09e-05,1.106e-05,1.005e-05,1.06e-05,216513260064.0,1750636799999,2272584.70535842,15926,100058255183.00,1051200.85738807,0
2025-06-23,1.06e-05,1.167e-05,1.057e-05,1.158e-05,141608756565.0,1750723199999,1561063.06995942,12580,73595197508.00,812549.88553286,0
2025-06-24,1.158e-05,1.192e-05,1.152e-05,1.171e-05,125555970846.0,1750809599999,1465497.94148443,10698,62250269179.00,726625.23729643,0
2025-06-25,1.171e-05,1.178e-05,1.147e-05,1.162e-05,125691682813.0,1750895999999,1462376.40328545,10123,57599945377.00,670161.86288238,0
2025-06-26,1.162e-05,1.18e-05,1.117e-05,1.121e-05,113228081291.0,1750982399999,1296721.59069756,10744,54562541644.00,625193.24927437,0
2025-06-27,1.121e-05,1.14e-05,1.105e-05,1.133e-05,67620703763.0,1751068799999,759451.04298200,7479,33542282070.00,376949.69248615,0
2025-06-28,1.133e-05,1.163e-05,1.129e-05,1.155e-05,69300539324.0,1751155199999,792301.56434042,5681,35592975638.00,407048.43582254,0
2025-06-29,1.156e-05,1.2e-05,1.146e-05,1.187e-05,91276005180.0,1751241599999,1062335.90577409,7470,45918656558.00,535161.26978383,0
2025-06-30,1.188e-05,1.193e-05,1.126e-05,1.143e-05,80883409593.0,1751327999999,931608.61556454,11073,36123937045.00,416073.80736220,0
2025-07-01,1.143e-05,1.151e-05,1.108e-05,1.12e-05,50505097126.0,1751414399999,569461.44970962,6245,20728203180.00,234021.41785439,0
2025-07-02,1.12e-05,1.2e-05,1.115e-05,1.18e-05,100613067761.0,1751500799999,1174595.41779608,10154,52555335186.00,613347.35441509,0
2025-07-03,1.181e-05,1.215e-05,1.173e-05,1.189e-05,95947247648.0,1751587199999,1147100.35122711,9550,48308802125.00,577895.51343452,0
2025-07-04,1.189e-05,1.199e-05,1.121e-05,1.143e-05,81935354206.0,1751673599999,945021.95701826,10035,35303086910.00,407632.56088297,0
2025-07-05,1.144e-05,1.159e-05,1.134e-05,1.147e-05,39134158361.0,1751759999999,448695.41277391,5558,17099305430.00,196214.77515697,0
2025-07-06,1.147e-05,1.197e-05,1.138e-05,1.182e-05,79953355687.0,1751846399999,934968.11903456,9558,40676077420.00,475676.52207620,0
2025-07-07,1.183e-05,1.195e-05,1.146e-05,1.162e-05,82448376503.0,1751932799999,964134.58965558,8270,38250336498.00,447645.73083079,0
2025-07-08,1.162e-05,1.197e-05,1.154e-05,1.186e-05,86996755830.0,1752019199999,1026245.66650700,8766,50244831136.00,593336.87760424,0
2025-07-09,1.186e-05,1.255e-05,1.177e-05,1.239e-05,178818470502.0,1752105599999,2171118.28604476,15106,95885780814.00,1165311.94573599,0
2025-07-10,1.24e-05,1.344e-05,1.23e-05,1.333e-05,241959736333.0,1752191999999,3091231.61436538,22686,124903388644.00,1596506.15029872,0
2025-07-11,1.335e-05,1.387e-05,1.305e-05,1.33e-05,405116176177.0,1752278399999,5478519.59494203,45404,202222776584.00,2736886.45103288,0
2025-07-12,1.33e-05,1.354e-05,1.283e-05,1.32e-05,205781291754.0,1752364799999,2729742.38872114,22923,107266558170.00,1424872.62701529,0
2025-07-13,1.32e-05,1.35e-05,1.309e-05,1.33e-05,154579652830.0,1752451199999,2054089.74251024,18687,72312531737.00,962011.70321920,0
2025-07-14,1.331e-05,1.416e-05,1.313e-05,1.326e-05,230991359230.0,1752537599999,3156513.82075114,28435,124332542927.00,1700108.99492939,0
2025-07-15,1.325e-05,1.381e-05,1.275e-05,1.374e-05,219457482691.0,1752623999999,2897993.16637013,25619,116526830676.00,1537020.41716692,0
2025-07-16,1.375e-05,1.485e-05,1.346e-05,1.437e-05,271252094925.0,1752710399999,3822252.13488350,31952,148735695142.00,2104361.49297474,0
2025-07-17,1.439e-05,1.48e-05,1.389e-05,1.446e-05,381350337925.0,1752796799999,5487588.57885329,39653,192456421876.00,2774488.33936059,0
2025-07-18,1.448e-05,1.579e-05,1.424e-05,1.468e-05,538934932877.0,1752883199999,8122792.16228598,58944,274591972675.00,4141397.02857005,0
2025-07-19,1.468e-05,1.536e-05,1.433e-05,1.49e-05,329345524088.0,1752969599999,4910488.17449437,34647,163379075673.00,2434823.05784922,0
2025-07-20,1.491e-05,1.585e-05,1.48e-05,1.553e-05,358734400589.0,1753055999999,5512845.32876770,37012,171595432443.00,2636982.73617778,0
2025-07-21,1.553e-05,1.598e-05,1.51e-05,1.549e-05,340910259628.0,1753142399999,5305035.68167839,39765,169972604979.00,2646984.55315290,0
2025-07-22,1.548e-05,1.567e-05,1.474e-05,1.546e-05,305801594100.0,1753228799999,4639521.56664335,41827,149702425217.00,2273455.99803930,0
2025-07-23,1.547e-05,1.547e-05,1.341e-05,1.386e-05,418643850787.0,1753315199999,5969163.40725334,46384,173929623266.00,2478488.10132087,0
2025-07-24,1.386e-05,1.406e-05,1.297e-05,1.362e-05,304094009599.0,1753401599999,4131544.75984781,35679,146183978350.00,1991638.20222772,0
2025-07-25,1.362e-05,1.411e-05,1.311e-05,1.409e-05,219616086661.0,1753487999999,2976241.82452537,30050,105314239768.00,1428885.04923160,0
2025-07-26,1.408e-05,1.422e-05,1.391e-05,1.397e-05,142922948602.0,1753574399999,2008614.04086081,14782,76888646885.00,1080391.16543093,0
2025-07-27,1.398e-05,1.428e-05,1.39e-05,1.417e-05,138003477837.0,1753660799999,1943349.38465364,15746,64089046920.00,902642.63807484,0
2025-07-28,1.417e-05,1.438e-05,1.327e-05,1.335e-05,272933225358.0,1753747199999,3771999.02616391,27007,119635286014.00,1659030.93428767,0
2025-07-29,1.334e-05,1.367e-05,1.29e-05,1.312e-05,187802316387.0,1753833599999,2487798.40055458,20509,82235438374.00,1090113.87488583,0
2025-07-30,1.312e-05,1.318e-05,1.224e-05,1.286e-05,289802239440.0,1753919999999,3711535.25943096,23505,118460570630.00,1517547.61663916,0
2025-07-31,1.287e-05,1.317e-05,1.239e-05,1.244e-05,153492637503.0,1754006399999,1973222.25736682,15795,70135298315.00,902678.92469592,0
2025-08-01,1.244e-05,1.254e-05,1.174e-05,1.205e-05,288187792667.0,1754092799999,3505072.92852153,31357,128998842510.00,1570923.90207498,0
2025-08-02,1.206e-05,1.226e-05,1.16e-05,1.183e-05,160600800699.0,1754179199999,1922880.07674192,18216,70253328285.00,842314.42358406,0
2025-08-03,1.183e-05,1.226e-05,1.166e-05,1.221e-05,149942767274.0,1754265599999,1820619.57817241,13635,66957515828.00,812840.35391623,0
2025-08-04,1.22e-05,1.257e-05,1.219e-05,1.252e-05,146272412659.0,1754351999999,1809008.54154924,14733,73639136734.00,910964.53925766,0
2025-08-05,1.252e-05,1.258e-05,1.186e-05,1.208e-05,172782284762.0,1754438399999,2099099.37305722,15734,82977817843.00,1008649.69921835,0
2025-08-06,1.209e-05,1.245e-05,1.188e-05,1.234e-05,122548867266.0,1754524799999,1491289.91210455,11812,61930114802.00,753829.96055040,0
2025-08-07,1.234e-05,1.29e-05,1.228e-05,1.288e-05,155172508872.0,1754611199999,1946575.01943231,14620,84143823106.00,1055279.90880725,0
2025-08-08,1.289e-05,1.333e-05,1.27e-05,1.325e-05,280731069908.0,1754697599999,3632640.10558702,26271,136965823014.00,1773155.80448329,0
2025-08-09,1.326e-05,1.406e-05,1.318e-05,1.372e-05,223714856807.0,1754783999999,3070968.12902116,23492,125845808103.00,1730453.77457076,0
2025-08-10,1.374e-05,1.4e-05,1.327e-05,1.358e-05,204152527639.0,1754870399999,2776682.66309853,20253,109737027511.00,1496877.95294059,0
2025-08-11,1.357e-05,1.393e-05,1.282e-05,1.292e-05,275624529540.0,1754956799999,3677116.71901052,26641,129876950346.00,1733153.91801025,0
2025-08-12,1.292e-05,1.375e-05,1.271e-05,1.354e-05,238580101208.0,1755043199999,3148101.39743769,23268,112894673728.00,1493538.87002456,0
2025-08-13,1.355e-05,1.403e-05,1.34e-05,1.393e-05,324683496055.0,1755129599999,4476453.89341506,27654,150312122407.00,2071307.02748480,0
2025-08-14,1.392e-05,1.42e-05,1.263e-05,1.291e-05,417543282218.0,1755215999999,5546820.41971268,37744,177729132035.00,2365688.04152177,0
2025-08-15,1.289e-05,1.316e-05,1.251e-05,1.287e-05,182148473646.0,1755302399999,2344130.97553579,18586,85186563955.00,1095877.71276543,0
2025-08-16,1.287e-05,1.305e-05,1.279e-05,1.3e-05,123901549002.0,1755388799999,1605749.34190313,11466,56521980697.00,732560.87349357,0
2025-08-17,1.3e-05,1.339e-05,1.291e-05,1.302e-05,126402490694.0,1755475199999,1661055.34936563,12449,64206581919.00,844026.57356025,0
2025-08-18,1.302e-05,1.304e-05,1.246e-05,1.271e-05,222890027144.0,1755561599999,2820474.28235230,18916,102500931282.00,1296511.50889965,0
2025-08-19,1.272e-05,1.282e-05,1.207e-05,1.209e-05,205482018581.0,1755647999999,2543207.72660229,18974,80964055222.00,1004296.47280905,0
2025-08-20,1.21e-05,1.263e-05,1.204e-05,1.258e-05,145085703099.0,1755734399999,1787806.13101073,15227,66934589732.00,825397.92986562,0
2025-08-21,1.257e-05,1.272e-05,1.227e-05,1.238e-05,107975579256.0,1755820799999,1344450.52350293,14008,53250629607.00,663528.76401059,0
2025-08-22,1.238e-05,1.35e-05,1.203e-05,1.338e-05,320772265973.0,1755907199999,4119770.62124336,28286,187768295531.00,2417095.95220581,0
2025-08-23,1.339e-05,1.339e-05,1.294e-05,1.325e-05,145600632516.0,1755993599999,1923008.31845927,14761,75303668402.00,995033.49881366,0
2025-08-24,1.325e-05,1.351e-05,1.271e-05,1.296e-05,275532448298.0,1756079999999,3605545.12273840,24153,128591089298.00,1685682.79335737,0
2025-08-25,1.296e-05,1.314e-05,1.184e-05,1.203e-05,296512895513.0,1756166399999,3681017.68212570,25230,115425627358.00,1432135.28954671,0
2025-08-26,1.204e-05,1.262e-05,1.192e-05,1.254e-05,188785731852.0,1756252799999,2319379.10502679,17625,84801298180.00,1045863.60465148,0
2025-08-27,1.254e-05,1.265e-05,1.237e-05,1.249e-05,150711244410.0,1756339199999,1886021.97401066,14614,76498469758.00,957591.00211298,0
2025-08-28,1.249e-05,1.274e-05,1.241e-05,1.267e-05,107419845089.0,1756425599999,1352032.39699955,11620,57919341731.00,729516.51956077,0
2025-08-29,1.267e-05,1.272e-05,1.199e-05,1.22e-05,183358401444.0,1756511999999,2248948.72937694,18540,81106656153.00,994243.67359856,0
2025-08-30,1.22e-05,1.247e-05,1.203e-05,1.234e-05,88839566890.0,1756598399999,1097641.88203490,10321,42129755733.00,520807.11449557,0
2025-08-31,1.233e-05,1.25e-05,1.217e-05,1.219e-05,76410642882.0,1756684799999,945674.09830446,8280,36393015862.00,450504.33112339,0
2025-09-01,1.218e-05,1.261e-05,1.182e-05,1.211e-05,217403558143.0,1756771199999,2653836.07576339,24161,106142961314.00,1297779.37725544,0
2025-09-02,1.211e-05,1.248e-05,1.203e-05,1.244e-05,139162158462.0,1756857599999,1709845.18442714,14309,68036066017.00,835955.16237916,0
2025-09-03,1.244e-05,1.258e-05,1.231e-05,1.249e-05,94820876247.0,1756943999999,1181128.55566560,9576,48941295926.00,609954.89586466,0
2025-09-04,1.249e-05,1.253e-05,1.201e-05,1.212e-05,124812397925.0,1757030399999,1519694.96455644,11491,55270205728.00,672692.13352159,0
2025-09-05,1.211e-05,1.247e-05,1.206e-05,1.24e-05,193586193152.0,1757116799999,2384676.56830467,16033,94301752287.00,1162077.86327332,0
2025-09-06,1.24e-05,1.244e-05,1.215e-05,1.228e-05,76790750472.0,1757203199999,942257.21267424,8329,36079138958.00,442753.81093849,0
2025-09-07,1.228e-05,1.252e-05,1.227e-05,1.247e-05,90321117141.0,1757289599999,1119341.81174489,8933,46737077468.00,579480.43897155,0
2025-09-08,1.248e-05,1.298e-05,1.239e-05,1.288e-05,187227707712.0,1757375999999,2381311.80272914,16431,90956744692.00,1157053.77083848,0
2025-09-09,1.289e-05,1.32e-05,1.267e-05,1.287e-05,239475588536.0,1757462399999,3102531.01538597,20383,130466892348.00,1692654.53495488,0
2025-09-10,1.289e-05,1.318e-05,1.275e-05,1.306e-05,215352500555.0,1757548799999,2797679.57977209,16930,126336494485.00,1641827.74048931,0
2025-09-11,1.306e-05,1.327e-05,1.29e-05,1.326e-05,157515071435.0,1757635199999,2060190.62988996,15568,70755647404.00,926120.78029739,0
2025-09-12,1.326e-05,1.392e-05,1.32e-05,1.392e-05,240955405383.0,1757721599999,3249153.91172103,21238,127945869776.00,1725256.43710261,0
2025-09-13,1.392e-05,1.499e-05,1.376e-05,1.429e-05,763444199329.0,1757807999999,11012051.15518282,46248,298803482696.00,4300068.75249040,0
2025-09-14,1.43e-05,1.432e-05,1.355e-05,1.37e-05,164823571787.0,1757894399999,2283214.30357305,19679,75217634374.00,1042088.62453823,0
2025-09-15,1.369e-05,1.382e-05,1.293e-05,1.307e-05,432642729622.0,1757980799999,5661402.83672837,22839,281046973856.00,3667746.72970944,0
2025-09-16,1.307e-05,1.327e-05,1.287e-05,1.316e-05,165744294154.0,1758067199999,2167983.49753256,16536,73201512782.00,957997.01453816,0
2025-09-17,1.317e-05,1.362e-05,1.284e-05,1.35e-05,198883463735.0,1758153599999,2608811.45839636,25408,90264337035.00,1185218.30482750,0
2025-09-18,1.351e-05,1.362e-05,1.328e-05,1.341e-05,178975360289.0,1758239999999,2409063.72301373,20968,93584996513.00,1260221.58163356,0
2025-09-19,1.34e-05,1.356e-05,1.276e-05,1.287e-05,189733033885.0,1758326399999,2472729.04950371,20591,84543640617.00,1102390.86708711,0
2025-09-20,1.287e-05,1.306e-05,1.278e-05,1.293e-05,94086912087.0,1758412799999,1216039.84969021,11161,43933461469.00,568325.67890060,0
2025-09-21,1.292e-05,1.305e-05,1.274e-05,1.274e-05,102612134776.0,1758499199999,1324047.42213219,11873,43280697934.00,558613.22628576,0
2025-09-22,1.274e-05,1.279e-05,1.179e-05,1.214e-05,338437228799.0,1758585599999,4132823.67197241,27326,134907664188.00,1642682.83502065,0
2025-09-23,1.214e-05,1.229e-05,1.19e-05,1.21e-05,122738555819.0,1758671999999,1491365.68513206,15992,65665676309.00,798372.13687279,0
2025-09-24,1.21e-05,1.237e-05,1.191e-05,1.215e-05,116014516228.0,1758758399999,1414782.88465856,15018,62534164528.00,763107.01951769,0
2025-09-25,1.215e-05,1.218e-05,1.151e-05,1.165e-05,173176206044.0,1758844799999,2051506.03097388,23212,74022809040.00,876877.46862697,0
2025-09-26,1.165e-05,1.199e-05,1.152e-05,1.193e-05,119183569689.0,1758931199999,1401807.15749119,14297,55745004923.00,655483.50957987,0
2025-09-27,1.193e-05,1.193e-05,1.172e-05,1.182e-05,62912756223.0,1759017599999,744132.24453366,8842,30656283870.00,362871.37150783,0
2025-09-28,1.182e-05,1.204e-05,1.159e-05,1.202e-05,72351445102.0,1759103999999,854027.14564381,9112,37067479737.00,437942.48826126,0
2025-09-29,1.202e-05,1.206e-05,1.172e-05,1.198e-05,98243687935.0,1759190399999,1170729.16687595,10797,47984743150.00,572175.72934741,0
2025-09-30,1.198e-05,1.201e-05,1.156e-05,1.183e-05,132543797364.0,1759276799999,1557174.45181276,14004,63534836721.00,746145.53718114,0
2025-10-01,1.183e-05,1.241e-05,1.176e-05,1.24e-05,128553244190.0,1759363199999,1570021.99990341,16228,62571501940.00,763437.92276627,0
2025-10-02,1.241e-05,1.272e-05,1.232e-05,1.265e-05,134317271172.0,1759449599999,1688193.30192091,14781,65903800342.00,829045.46473714,0
2025-10-03,1.265e-05,1.289e-05,1.235e-05,1.267e-05,123686237862.0,1759535999999,1552909.15612968,17487,57356676076.00,720793.94345565,0
2025-10-04,1.268e-05,1.275e-05,1.224e-05,1.238e-05,91514641773.0,1759622399999,1141289.12667189,12087,44074704145.00,549967.30911511,0
2025-10-05,1.239e-05,1.297e-05,1.231e-05,1.247e-05,882468651515.0,1759708799999,11316950.00216089,29461,325772177759.00,4174139.00586316,0
2025-10-06,1.246e-05,1.302e-05,1.238e-05,1.285e-05,189731024577.0,1759795199999,2427009.44288798,22548,105755477688.00,1355628.79216869,0
2025-10-07,1.286e-05,1.293e-05,1.218e-05,1.221e-05,261504195256.0,1759881599999,3253740.23591952,23474,106829173035.00,1332670.86064967,0
2025-10-08,1.221e-05,1.248e-05,1.205e-05,1.234e-05,210660879425.0,1759967999999,2574167.32753952,20770,80122786305.00,978964.23927653,0
2025-10-09,1.234e-05,1.235e-05,1.172e-05,1.202e-05,203444599143.0,1760054399999,2449892.59925563,19165,75866797693.00,912529.82950576,0
2025-10-10,1.203e-05,1.215e-05,6.8e-06,9.76e-06,943826282583.0,1760140799999,9474617.51924004,73369,502412893835.00,5083787.68880301,0
2025-10-11,9.76e-06,1.073e-05,9.59e-06,9.96e-06,417389088127.0,1760227199999,4207650.74276685,29479,191294115320.00,1930379.78088795,0
2025-10-12,9.95e-06,1.089e-05,9.79e-06,1.07e-05,355004484962.0,1760313599999,3670462.74030698,24086,190427164314.00,1966805.53804406,0
2025-10-13,1.071e-05,1.13e-05,1.056e-05,1.113e-05,281659125327.0,1760399999999,3064512.52789122,22451,137413042106.00,1496274.58269431,0
2025-10-14,1.112e-05,1.118e-05,1.021e-05,1.074e-05,269235055749.0,1760486399999,2845348.62045734,24200,128879711640.00,1362798.61664759,0
2025-10-15,1.075e-05,1.09e-05,1.019e-05,1.034e-05,116416541577.0,1760572799999,1227648.65566976,13784,56610663986.00,596763.92349153,0
2025-10-16,1.033e-05,1.053e-05,9.86e-06,1e-05,174513859219.0,1760659199999,1777928.75037369,16616,86355827502.00,881040.31838475,0
2025-10-17,1e-05,1.012e-05,9.24e-06,9.76e-06,154428461592.0,1760745599999,1496049.71548201,13170,75464669496.00,730424.12561287,0
2025-10-18,9.76e-06,9.99e-06,9.73e-06,9.92e-06,105024870670.0,1760831999999,1036159.44021926,9812,48515459787.00,478672.36884602,0
2025-10-19,9.92e-06,1.019e-05,9.79e-06,1.008e-05,82687566447.0,1760918399999,828911.53727637,7578,39448969803.00,395447.17918621,0
2025-10-20,1.008e-05,1.034e-05,9.93e-06,1.018e-05,113154979876.0,1761004799999,1152889.11641684,10337,51397266402.00,523555.95962738,0
2025-10-21,1.019e-05,1.056e-05,9.87e-06,1.006e-05,107486865127.0,1761091199999,1093258.74478943,11062,52394842104.00,533391.85325746,0
2025-10-22,1.006e-05,1.011e-05,9.61e-06,9.86e-06,155080168454.0,1761177599999,1536420.74181356,13359,77236273686.00,765239.82584629,0
2025-10-23,9.86e-06,1.02e-05,9.84e-06,1.01e-05,93703097093.0,1761263999999,938149.70039910,7618,44904111883.00,449555.56456180,0
2025-10-24,1.011e-05,1.034e-05,1.005e-05,1.024e-05,95383655150.0,1761350399999,969847.52257691,8499,46104017036.00,468884.96883271,0
2025-10-25,1.023e-05,1.026e-05,1.009e-05,1.02e-05,74481268766.0,1761436799999,757930.57022652,6257,34030995316.00,346322.95878621,0
2025-10-26,1.02e-05,1.069e-05,1.009e-05,1.056e-05,112887366518.0,1761523199999,1172120.89388824,8620,54817108095.00,569219.33566120,0
2025-10-27,1.056e-05,1.069e-05,1.034e-05,1.039e-05,101838811325.0,1761609599999,1071517.46257037,8031,43905276609.00,461949.90523970,0
2025-10-28,1.038e-05,1.044e-05,9.97e-06,1.012e-05,110334547459.0,1761695999999,1127757.16755234,9946,53119047554.00,542666.39519669,0
2025-10-29,1.011e-05,1.045e-05,9.94e-06,1.016e-05,135661519912.0,1761782399999,1383932.78967724,12117,68059336116.00,694448.55580544,0
2025-10-30,1.016e-05,1.025e-05,9.37e-06,9.73e-06,157157678623.0,1761868799999,1535960.59719101,12415,76851032124.00,751248.76182685,0
2025-10-31,9.72e-06,1.006e-05,9.7e-06,1.002e-05,134073680127.0,1761955199999,1328476.46973503,9604,69617194683.00,690121.85044564,0
2025-11-01,1.003e-05,1.026e-05,9.97e-06,1.02e-05,107746270051.0,1762041599999,1089695.54324997,12593,56499716587.00,571664.03981816,0
2025-11-02,1.019e-05,1.025e-05,9.95e-06,1.017e-05,70619335817.0,1762127999999,714959.67248486,7324,34451398337.00,348924.23423052,0
2025-11-03,1.016e-05,1.019e-05,8.95e-06,9.19e-06,206254865954.0,1762214399999,1945106.08804597,14696,97765658820.00,922518.29266967,0
2025-11-04,9.19e-06,9.32e-06,8.37e-06,8.85e-06,270862024764.0,1762300799999,2418509.97093066,17424,129083930304.00,1154865.28768993,0
2025-11-05,8.84e-06,9.23e-06,8.43e-06,9.16e-06,163655860647.0,1762387199999,1468432.26545819,10849,76288637038.00,685829.95340640,0
2025-11-06,9.15e-06,9.18e-06,8.79e-06,9.02e-06,131505412169.0,1762473599999,1182673.52471321,10656,63276210347.00,569001.97334207,0
2025-11-07,9.03e-06,1.034e-05,9.02e-06,1.002e-05,205009815784.0,1762559999999,1969523.29694314,19144,106956447356.00,1028317.78621011,0
2025-11-08,1.004e-05,1.028e-05,9.69e-06,9.97e-06,149862878638.0,1762646399999,1496503.28096721,13068,70662925276.00,706540.80089959,0
2025-11-09,9.95e-06,1.009e-05,9.64e-06,9.99e-06,124983467969.0,1762732799999,1236556.97727850,10078,58190307671.00,576130.70699513,0
2025-11-10,9.99e-06,1.022e-05,9.87e-06,1.014e-05,103541379877.0,1762819199999,1040377.61392569,11726,47502109738.00,477567.89134487,0
2025-11-11,1.015e-05,1.026e-05,9.62e-06,9.63e-06,117360502100.0,1762905599999,1161310.79080744,10829,55630063459.00,550983.84470093,0
2025-11-12,9.64e-06,9.99e-06,9.45e-06,9.51e-06,120906714644.0,1762991999999,1172867.11800916,12032,57625483115.00,560198.73098442,0
2025-11-13,9.5e-06,9.87e-06,9.04e-06,9.29e-06,170677470800.0,1763078399999,1625018.00728228,14445,83963870102.00,801946.07287780,0
2025-11-14,9.3e-06,9.36e-06,8.83e-06,8.98e-06,216239276730.0,1763164799999,1978201.79598472,14990,110386497606.00,1010930.66690681,0
2025-11-15,8.97e-06,9.26e-06,8.97e-06,9.04e-06,112152466361.0,1763251199999,1022317.79336456,9087,57452361298.00,524008.97218223,0
2025-11-16,9.04e-06,9.23e-06,8.64e-06,8.9e-06,193151471330.0,1763337599999,1723215.93632900,13265,95128595197.00,848574.02442370,0
2025-11-17,8.9e-06,9.18e-06,8.45e-06,8.58e-06,187929630481.0,1763423999999,1660740.20607156,12410,96381797015.00,852304.59378801,0
2025-11-18,8.58e-06,9.01e-06,8.47e-06,8.88e-06,169793528443.0,1763510399999,1491540.12932459,10286,82952469851.00,729752.54610578,0
2025-11-19,8.87e-06,8.91e-06,8.23e-06,8.55e-06,224202888622.0,1763596799999,1912877.75186242,13986,109720544898.00,936696.49066754,0
2025-11-20,8.56e-06,8.82e-06,8.37e-06,8.37e-06,164323122322.0,1763683199999,1418975.82014906,9119,84127120583.00,726866.76328293,0
