timestamp,open,high,low,close,volume,close_time,quote_volume,trades,taker_buy_base,taker_buy_quote,ignore,ema_99
2024-11-15,1.62020000,7.49990000,1.62020000,1.7304,2301180.40000000,1731715199999,4261154.94624000,30485,1138613.90000000,2095372.69804000,0,1.7304
2024-11-16,1.73170000,1.94770000,1.62720000,1.6891,1422100.20000000,1731801599999,2551406.86063000,55103,659377.70000000,1185238.91280000,0,1.729574
2024-11-17,1.70330000,1.88680000,1.46020000,1.7934,1433122.70000000,1731887999999,2373056.82572000,9601,673451.20000000,1119467.51169000,0,1.73085052
2024-11-18,1.79640000,1.94030000,1.53520000,1.6015,1108797.00000000,1731974399999,1854808.00238000,7287,494152.40000000,835230.98412000,0,1.7282635095999999
2024-11-19,1.59090000,1.87630000,1.50480000,1.7057,1562730.80000000,1732060799999,2630674.95193000,11535,747432.90000000,1262362.76879000,0,1.7278122394079998
2024-11-20,1.70570000,1.72340000,1.41300000,1.4237,2608377.60000000,1732147199999,3889043.27472000,11851,1102478.00000000,1651317.08565000,0,1.7217299946198397
2024-11-21,1.42640000,1.53560000,1.25730000,1.3505,2197751.60000000,1732233599999,3049074.19510000,14240,873288.50000000,1215410.22374000,0,1.714305394727443
2024-11-22,1.35130000,1.36000000,1.04420000,1.1286,2188740.60000000,1732319999999,2620697.93238000,12743,1088999.70000000,1298257.88276000,0,1.702591286832894
2024-11-23,1.13620000,1.28760000,1.06520000,1.1154,1619354.50000000,1732406399999,1907529.86595000,8788,875484.20000000,1032946.93933000,0,1.690847461096236
2024-11-24,1.11580000,1.28860000,1.06950000,1.1739,1234941.60000000,1732492799999,1458836.97008000,5147,747645.90000000,878708.22708000,0,1.6805085118743113
2024-11-25,1.16730000,1.43330000,1.07210000,1.1293,3081125.20000000,1732579199999,3594393.49736000,13937,1280370.70000000,1507877.26836000,0,1.669484341636825
2024-11-26,1.12240000,1.22240000,1.02630000,1.0885,1789733.20000000,1732665599999,1988212.35858000,9877,914336.00000000,1014539.13151000,0,1.6578646548040885
2024-11-27,1.09690000,1.16580000,1.01250000,1.0939,1621715.10000000,1732751999999,1745435.05802000,5068,824255.20000000,890474.13623000,0,1.6465853617080066
2024-11-28,1.08780000,1.18330000,1.06550000,1.1008,706542.80000000,1732838399999,791909.72524000,3134,327357.30000000,368817.96910000,0,1.6356696544738465
2024-11-29,1.10710000,1.36900000,1.10710000,1.2848,1616011.70000000,1732924799999,2031885.42295000,6563,847648.30000000,1072851.31583000,0,1.6286522613843695
2024-11-30,1.28180000,1.28180000,1.17000000,1.1874,1621482.00000000,1733011199999,1984430.92426000,7792,778138.80000000,954071.46314000,0,1.619827216156682
2024-12-01,1.18730000,1.28670000,1.12520000,1.2115,1545057.60000000,1733097599999,1881094.28678000,8042,683365.10000000,830636.95466000,0,1.6116606718335484
2024-12-02,1.21150000,1.36790000,1.05360000,1.3116,2305363.70000000,1733183999999,2758800.17269000,9186,1251984.50000000,1495786.22526000,0,1.6056594583968775
2024-12-03,1.31230000,1.46120000,1.15540000,1.22,1068185.50000000,1733270399999,1362128.05588000,3869,575010.40000000,732892.72624000,0,1.59794626922894
2024-12-04,1.21800000,1.36910000,1.20460000,1.2582,1402073.20000000,1733356799999,1798241.25509000,4916,553606.90000000,710229.27519000,0,1.591151343844361
2024-12-05,1.25520000,1.55250000,1.19220000,1.4344,1409779.60000000,1733443199999,1961849.53089000,8154,701698.50000000,980409.29546000,0,1.5880163169674737
2024-12-06,1.43640000,1.49820000,1.32070000,1.3516,702209.70000000,1733529599999,967949.89327000,6180,344878.60000000,477901.72984000,0,1.583287990628124
2024-12-07,1.35160000,1.54770000,1.34370000,1.4584,1021515.50000000,1733615999999,1487372.66609000,7590,525061.50000000,763777.37052000,0,1.5807902308155615
2024-12-08,1.45580000,1.58480000,1.41350000,1.4489,566653.80000000,1733702399999,826684.71410000,5901,256601.70000000,373881.73607000,0,1.5781524261992501
2024-12-09,1.44440000,1.44590000,0.98010000,1.1555,2054955.60000000,1733788799999,2532111.13393000,12160,1000533.70000000,1259991.55737000,0,1.569699377675265
2024-12-10,1.14780000,1.18170000,0.95180000,1.0347,1680344.60000000,1733875199999,1760186.47853000,14855,784338.90000000,820411.49231000,0,1.5589993901217596
2024-12-11,1.03560000,1.40500000,0.99760000,1.2958,1982728.50000000,1733961599999,2509971.87245000,89876,1036893.50000000,1315476.04000000,0,1.5537354023193244
2024-12-12,1.29670000,1.33900000,1.22570000,1.2505,1074381.60000000,1734047999999,1367196.18642000,21420,539855.90000000,688913.10212000,0,1.547670694272938
2024-12-13,1.25140000,1.30720000,1.18130000,1.2175,687718.70000000,1734134399999,834554.20472000,5024,371072.10000000,451932.91543000,0,1.5410672803874792
2024-12-14,1.21790000,1.24230000,1.12140000,1.1452,875172.60000000,1734220799999,1011500.91066000,4307,479866.70000000,554265.36923000,0,1.5331499347797295
2024-12-15,1.14470000,1.18850000,1.10240000,1.1488,599595.30000000,1734307199999,685128.12867000,3655,291556.80000000,334985.95469000,0,1.525462936084135
2024-12-16,1.14930000,1.16980000,1.05090000,1.0829,913031.00000000,1734393599999,990396.45591000,5940,444519.60000000,481181.77820000,0,1.5166116773624523
2024-12-17,1.08570000,1.14000000,1.01350000,1.0385,639919.40000000,1734479999999,683803.77677000,4861,403337.30000000,431064.65307000,0,1.5070494438152031
2024-12-18,1.04260000,1.05390000,0.85000000,0.8654,878885.60000000,1734566399999,816814.24638000,5041,316419.80000000,298170.76349000,0,1.494216454938899
2024-12-19,0.86500000,0.86500000,0.66560000,0.6664,2294599.90000000,1734652799999,1739412.78658000,8205,1282938.10000000,968086.70901000,0,1.477660125840121
2024-12-20,0.66510000,0.71890000,0.58620000,0.6975,1819612.20000000,1734739199999,1168878.08142000,4774,734933.90000000,472828.22591000,0,1.4620569233233185
2024-12-21,0.69630000,0.74400000,0.59980000,0.6126,1218099.40000000,1734825599999,792891.11730000,3756,504016.30000000,328317.99078000,0,1.445067784856852
2024-12-22,0.61070000,0.79400000,0.60250000,0.7056,2737492.00000000,1734911999999,1967061.42223000,6943,1441633.60000000,1030974.37754000,0,1.430278429159715
2024-12-23,0.70480000,0.75440000,0.67670000,0.7309,2122065.00000000,1734998399999,1495807.33287000,12054,997410.10000000,705536.13553000,0,1.4162908605765208
2024-12-24,0.72950000,0.77640000,0.72470000,0.7711,885145.20000000,1735084799999,664034.05090000,8065,418119.30000000,314092.58248000,0,1.4033870433649904
2024-12-25,0.76610000,0.76660000,0.68680000,0.691,700735.90000000,1735171199999,498197.71730000,4322,295506.40000000,209501.01794000,0,1.3891393024976906
2024-12-26,0.69090000,0.69950000,0.64240000,0.656,508431.20000000,1735257599999,337192.53462000,1051,236006.50000000,156499.57921000,0,1.3744765164477368
2024-12-27,0.66000000,0.67940000,0.62490000,0.629,753966.80000000,1735343999999,489648.98538000,1189,244058.60000000,158012.65634000,0,1.359566986118782
2024-12-28,0.62900000,0.64750000,0.59550000,0.6355,579225.50000000,1735430399999,358419.34456000,1191,303326.70000000,188400.76482000,0,1.3450856463964063
2024-12-29,0.63550000,0.63550000,0.58500000,0.5953,424440.70000000,1735516799999,258426.43400000,967,178257.40000000,108384.80260000,0,1.3300899334684781
2024-12-30,0.59530000,0.75000000,0.59300000,0.6766,3435648.80000000,1735603199999,2363962.56794000,5418,1562719.70000000,1077924.59673000,0,1.3170201347991086
2024-12-31,0.67930000,0.71260000,0.62490000,0.6714,1808384.00000000,1735689599999,1199502.91575000,4141,853887.70000000,565919.86624000,0,1.3041077321031265
2025-01-01,0.67500000,0.72000000,0.66090000,0.677,1120955.10000000,1735775999999,767274.73398000,7036,544247.10000000,373595.94276000,0,1.291565577461064
2025-01-02,0.67510000,0.73290000,0.67080000,0.6951,1542090.80000000,1735862399999,1088206.48434000,3258,742955.20000000,524466.45634000,0,1.2796362659118425
2025-01-03,0.69270000,0.77080000,0.65670000,0.7582,1533607.40000000,1735948799999,1093647.04258000,3048,814301.80000000,581798.31092000,0,1.2692075405936056
2025-01-04,0.75790000,0.80450000,0.72360000,0.7397,1400145.10000000,1736035199999,1057976.54195000,2489,743199.30000000,562915.28122000,0,1.2586173897817334
2025-01-05,0.73700000,0.78660000,0.72650000,0.7572,894153.20000000,1736121599999,678197.08369000,1321,394562.60000000,299637.57381000,0,1.2485890419860988
2025-01-06,0.75500000,0.77500000,0.71510000,0.7235,1070437.30000000,1736207999999,791483.29283000,3175,465994.50000000,345909.47811000,0,1.2380872611463767
2025-01-07,0.71970000,0.74380000,0.61470000,0.6164,1503401.10000000,1736294399999,1017662.06305000,5685,659359.90000000,448284.27418000,0,1.2256535159234492
2025-01-08,0.61640000,0.62690000,0.52230000,0.5594,1758621.60000000,1736380799999,998537.82789000,5095,798602.40000000,451368.64363000,0,1.21232844560498
2025-01-09,0.55880000,0.58000000,0.52540000,0.5446,2106425.70000000,1736467199999,1164839.42853000,7757,783179.90000000,435857.95427000,0,1.1989738766928806
2025-01-10,0.54760000,0.56680000,0.51640000,0.5438,1302917.20000000,1736553599999,701640.37601000,6571,736720.90000000,396749.23920000,0,1.185870399159023
2025-01-11,0.54660000,0.56550000,0.53240000,0.5459,476882.80000000,1736639999999,262550.06822000,2751,227533.90000000,124944.43726000,0,1.1730709911758423
2025-01-12,0.54500000,0.60760000,0.52790000,0.5758,2503424.10000000,1736726399999,1456332.39788000,7627,1055407.90000000,615557.43477000,0,1.1611255713523254
2025-01-13,0.57600000,0.60510000,0.46680000,0.5851,2424319.60000000,1736812799999,1285543.12894000,14838,1106190.00000000,591636.32324000,0,1.149605059925279
2025-01-14,0.58540000,0.64610000,0.57950000,0.6179,2582746.60000000,1736899199999,1588392.56098000,6405,1343989.20000000,824934.17061000,0,1.1389709587267733
2025-01-15,0.61890000,0.64930000,0.53750000,0.6419,3047720.80000000,1736985599999,1821320.43845000,8310,1475400.20000000,883147.89400000,0,1.1290295395522378
2025-01-16,0.64190000,0.65530000,0.59250000,0.5992,1303337.20000000,1737071999999,817724.51416000,4378,717891.60000000,453623.61095000,0,1.118432948761193
2025-01-17,0.59930000,0.67400000,0.59680000,0.6523,1934419.40000000,1737158399999,1247658.70158000,6306,1243128.50000000,803051.23083000,0,1.1091102897859693
2025-01-18,0.65040000,0.68190000,0.49980000,0.5113,4150266.20000000,1737244799999,2233873.53678000,12087,1800293.10000000,966666.76311000,0,1.0971540839902498
2025-01-19,0.51110000,0.54150000,0.42450000,0.4313,5302091.90000000,1737331199999,2511517.96997000,15351,2588670.00000000,1224208.80618000,0,1.0838370023104449
2025-01-20,0.43040000,0.43900000,0.35680000,0.3757,3018368.10000000,1737417599999,1183550.23450000,8063,1441226.10000000,565293.20252000,0,1.069674262264236
2025-01-21,0.37780000,0.39550000,0.35540000,0.3714,1107211.20000000,1737503999999,414716.22352000,3513,607285.60000000,228601.67045000,0,1.0557087770189513
2025-01-22,0.37060000,0.38000000,0.35110000,0.3554,603809.60000000,1737590399999,220000.69810000,2431,281425.90000000,102833.38805000,0,1.0417026014785722
2025-01-23,0.35440000,0.37000000,0.33330000,0.3443,1275191.00000000,1737676799999,452146.93870000,3344,674130.30000000,240298.62139000,0,1.0277545494490008
2025-01-24,0.34460000,0.36610000,0.31670000,0.3177,692501.60000000,1737763199999,238366.88521000,2301,347266.60000000,119341.78244000,0,1.0135534584600208
2025-01-25,0.31710000,0.32610000,0.30470000,0.3092,677394.70000000,1737849599999,213536.12291000,1777,312552.30000000,98665.99231000,0,0.9994663892908203
2025-01-26,0.30870000,0.32400000,0.27170000,0.2735,795386.00000000,1737935999999,236718.70336000,1754,364087.50000000,108442.35426000,0,0.9849470615050039
2025-01-27,0.27210000,0.27540000,0.24070000,0.2683,1308248.90000000,1738022399999,332611.08753000,2271,631390.00000000,160137.68590000,0,0.9706141202749038
2025-01-28,0.27100000,0.27500000,0.22860000,0.2296,646686.40000000,1738108799999,164101.10497000,898,255108.50000000,65627.76882000,0,0.9557938378694057
2025-01-29,0.22990000,0.27000000,0.22880000,0.2511,958254.40000000,1738195199999,246259.27035000,1244,430980.50000000,109726.51494000,0,0.9416999611120176
2025-01-30,0.25100000,0.26940000,0.24970000,0.2541,636033.90000000,1738281599999,167135.75902000,669,323188.30000000,85114.43550000,0,0.9279479618897772
2025-01-31,0.25300000,0.28380000,0.24850000,0.2507,1365150.50000000,1738367999999,365304.86785000,1406,639013.40000000,170978.91049000,0,0.9144030026519817
2025-02-01,0.25000000,0.26200000,0.19890000,0.1993,961217.90000000,1738454399999,215056.79100000,1035,418886.00000000,94846.98479000,0,0.900100942598942
2025-02-02,0.19930000,0.20970000,0.16800000,0.1824,1272597.60000000,1738540799999,246154.10007000,1244,677705.90000000,131226.25201000,0,0.8857469237469632
2025-02-03,0.18210000,0.19990000,0.13360000,0.196,3010535.80000000,1738627199999,518796.10986000,2882,1494711.10000000,258677.46009000,0,0.8719519852720239
2025-02-04,0.19780000,0.21470000,0.17410000,0.1856,2995039.60000000,1738713599999,567041.26967000,1970,1770448.50000000,336196.98706000,0,0.8582249455665834
2025-02-05,0.18620000,0.20450000,0.17920000,0.1812,619627.60000000,1738799999999,119313.45348000,868,297004.60000000,57282.99938000,0,0.8446844466552517
2025-02-06,0.18290000,0.18550000,0.16050000,0.1621,735366.00000000,1738886399999,127755.42090000,721,418643.20000000,73124.84867000,0,0.8310327577221466
2025-02-07,0.16500000,0.17460000,0.14740000,0.1521,416868.40000000,1738972799999,67544.38973000,612,224835.90000000,36537.65127000,0,0.8174541025677037
2025-02-08,0.15260000,0.18120000,0.15260000,0.1741,590085.30000000,1739059199999,101603.59112000,817,268919.00000000,46319.95974000,0,0.8045870205163496
2025-02-09,0.17410000,0.18070000,0.15760000,0.1664,316010.90000000,1739145599999,53523.97639000,540,117962.20000000,19959.23483000,0,0.7918232801060225
2025-02-10,0.16950000,0.17500000,0.16000000,0.168,440701.80000000,1739231999999,74029.12105000,680,185731.90000000,31318.20984000,0,0.7793468145039021
2025-02-11,0.16830000,0.17850000,0.15270000,0.1621,1424457.40000000,1739318399999,232937.46794000,2337,651234.60000000,106827.19187000,0,0.767001878213824
2025-02-12,0.16140000,0.16310000,0.13860000,0.1537,840185.40000000,1739404799999,125432.31511000,1341,348246.00000000,52188.04805000,0,0.7547358406495476
2025-02-13,0.15460000,0.16120000,0.14480000,0.1487,675623.90000000,1739491199999,103997.81361000,824,227410.40000000,35145.86243000,0,0.7426151238365566
2025-02-14,0.14790000,0.20400000,0.14650000,0.1816,2970275.30000000,1739577599999,533357.51944000,3659,1073373.10000000,192189.93648000,0,0.7313948213598255
2025-02-15,0.18160000,0.18360000,0.15360000,0.1547,1266704.60000000,1739663999999,208373.03127000,1680,581784.10000000,94966.04160000,0,0.719860924932629
2025-02-16,0.15480000,0.15720000,0.14830000,0.152,692400.50000000,1739750399999,105892.10002000,775,325797.40000000,50068.21999000,0,0.7085037064339764
2025-02-17,0.15080000,0.15450000,0.14080000,0.1499,597441.10000000,1739836799999,87566.80912000,649,198454.20000000,29462.62148000,0,0.6973316323052969
2025-02-18,0.14990000,0.15180000,0.13340000,0.1428,392783.10000000,1739923199999,55366.07998000,624,258117.20000000,36286.19168000,0,0.6862409996591909
2025-02-19,0.14360000,0.14600000,0.13670000,0.1398,331620.50000000,1740009599999,47001.56129000,416,209642.40000000,29732.13691000,0,0.6753121796660071
2025-02-20,0.13950000,0.14540000,0.13720000,0.1443,860317.70000000,1740095999999,121207.32904000,667,319681.60000000,45152.80332000,0,0.664691936072687
2025-02-21,0.14480000,0.15940000,0.14000000,0.144,1424103.70000000,1740182399999,212172.08739000,1338,634463.00000000,94164.62897000,0,0.6542780973512332
2025-02-22,0.14300000,0.25000000,0.14190000,0.2197,13581730.50000000,1740268799999,2748182.71487000,22266,6716182.40000000,1359420.86933000,0,0.6455865354042085
2025-02-23,0.22020000,0.22030000,0.17340000,0.1793,5885024.30000000,1740355199999,1132011.13184000,6961,2603887.30000000,502144.86412000,0,0.6362608046961243
2025-02-24,0.17910000,0.18230000,0.14350000,0.1498,3048363.40000000,1740441599999,489906.97609000,3176,1283967.20000000,206646.02030000,0,0.6265315886022018
2025-02-25,0.14960000,0.18610000,0.14190000,0.1743,9026009.20000000,1740527999999,1510588.73930000,5329,4263785.40000000,711776.57795000,0,0.6174869568301578
2025-02-26,0.17410000,0.22500000,0.17270000,0.2095,11196745.30000000,1740614399999,2246084.86153000,7255,5195064.60000000,1045106.72007000,0,0.6093272176935546
2025-02-27,0.20970000,0.21680000,0.17670000,0.1852,6264803.50000000,1740700799999,1203659.45986000,5877,2936408.60000000,565489.25812000,0,0.6008446733396835
2025-02-28,0.18630000,0.30900000,0.17770000,0.2613,26619071.70000000,1740787199999,6819601.45806000,23390,13142467.80000000,3376017.55634000,0,0.5940537798728898
2025-03-01,0.26150000,0.26440000,0.21450000,0.2215,9051583.20000000,1740873599999,2136175.28595000,11240,4028028.40000000,954016.91520000,0,0.5866027042754319
2025-03-02,0.22150000,0.25780000,0.21790000,0.2389,12374338.10000000,1740959999999,2946936.53690000,14882,5889770.00000000,1403394.02405000,0,0.5796486501899233
2025-03-03,0.23780000,0.24950000,0.19240000,0.1951,7441717.10000000,1741046399999,1632817.88149000,10440,3795552.40000000,831756.95985000,0,0.5719576771861248
2025-03-04,0.19560000,0.23190000,0.17740000,0.2074,13357633.90000000,1741132799999,2792837.62187000,13794,6772673.70000000,1420300.59387000,0,0.5646665236424023
2025-03-05,0.20790000,0.21310000,0.19220000,0.2026,5816577.00000000,1741219199999,1170845.41932000,5705,2918545.60000000,587544.99587000,0,0.5574251931695543
2025-03-06,0.20380000,0.20840000,0.18640000,0.1977,4747411.00000000,1741305599999,940675.63447000,4875,2216543.90000000,439340.15908000,0,0.5502306893061633
2025-03-07,0.19770000,0.21130000,0.18140000,0.1832,4771086.20000000,1741391999999,933798.94506000,7130,2454424.90000000,481143.17336000,0,0.54289007552004
2025-03-08,0.18300000,0.19570000,0.16630000,0.1787,3287312.10000000,1741478399999,588707.33337000,4121,1445534.30000000,259673.57021000,0,0.5356062740096392
2025-03-09,0.17800000,0.18110000,0.15040000,0.1565,3712641.20000000,1741564799999,604912.50508000,3516,1952396.00000000,317812.06640000,0,0.5280241485294465
2025-03-10,0.15560000,0.17310000,0.15270000,0.153,6502732.70000000,1741651199999,1056783.19824000,6753,3270250.30000000,531321.67250000,0,0.5205236655588575
2025-03-11,0.15340000,0.17180000,0.14480000,0.1618,6349091.40000000,1741737599999,1023588.07852000,6681,3052901.10000000,492292.96358000,0,0.5133491922476804
2025-03-12,0.16290000,0.17240000,0.15800000,0.1664,6141473.30000000,1741823999999,1008953.02398000,7047,3490008.80000000,572963.38966000,0,0.5064102084027268
2025-03-13,0.16650000,0.18280000,0.15850000,0.1703,13711754.80000000,1741910399999,2332103.01882000,18122,7008011.20000000,1192642.64353000,0,0.49968800423467225
2025-03-14,0.17180000,0.21640000,0.16990000,0.2028,18863316.30000000,1741996799999,3749142.75548000,21048,8620123.40000000,1707318.56192000,0,0.4937502441499788
2025-03-15,0.20370000,0.20510000,0.19350000,0.2003,5648056.30000000,1742083199999,1124722.73529000,7494,2792441.60000000,556093.73346000,0,0.48788123926697924
2025-03-16,0.20050000,0.20130000,0.17960000,0.1818,5294250.40000000,1742169599999,1014260.39454000,5938,2597777.60000000,497882.98150000,0,0.4817596144816396
2025-03-17,0.18080000,0.18590000,0.17630000,0.1814,4216472.50000000,1742255999999,762596.74960000,5379,1949001.90000000,352858.01973000,0,0.4757524221920068
2025-03-18,0.18130000,0.18270000,0.16630000,0.1719,3555788.70000000,1742342399999,612386.23505000,5564,1649446.60000000,283198.13386000,0,0.46967537374816665
2025-03-19,0.17190000,0.17840000,0.16830000,0.1784,4918514.60000000,1742428799999,853215.67098000,6379,2042728.90000000,354150.82414000,0,0.4638498662732033
2025-03-20,0.17770000,0.18050000,0.17020000,0.1726,3608378.10000000,1742515199999,630814.59898000,5645,2051757.70000000,358873.83238000,0,0.4580248689477392
2025-03-21,0.17240000,0.17800000,0.16010000,0.1743,5802064.00000000,1742601599999,992432.83882000,4452,2854822.80000000,487986.92812000,0,0.4523503715687844
2025-03-22,0.17490000,0.19790000,0.17330000,0.1879,9461361.40000000,1742687999999,1781405.81093000,11255,4571936.30000000,860808.71158000,0,0.4470613641374087
2025-03-23,0.18790000,0.23340000,0.18440000,0.2244,15354029.50000000,1742774399999,3334297.51151000,15761,7656839.30000000,1656902.11753000,0,0.44260813685466055
2025-03-24,0.22420000,0.23820000,0.20970000,0.2151,8670310.30000000,1742860799999,1925052.22489000,9480,3641901.90000000,811032.16478000,0,0.4380579741175673
2025-03-25,0.21420000,0.22480000,0.20370000,0.2155,5641901.50000000,1742947199999,1198081.19260000,5691,2549235.00000000,542741.90940000,0,0.43360681463521594
2025-03-26,0.21500000,0.22420000,0.20550000,0.2084,4499990.10000000,1743033599999,965975.01315000,4968,2294304.90000000,492597.20125000,0,0.4291026783425116
2025-03-27,0.20820000,0.21730000,0.19750000,0.199,4818989.60000000,1743119999999,994884.91518000,4253,2170979.80000000,448694.64362000,0,0.42450062477566136
2025-03-28,0.19900000,0.20330000,0.17700000,0.1803,5099306.60000000,1743206399999,954755.00758000,4342,2357694.60000000,439486.70365000,0,0.4196166122801481
2025-03-29,0.18050000,0.18340000,0.16730000,0.1702,2945946.50000000,1743292799999,513919.28117000,2480,1425785.50000000,249443.71367000,0,0.41462828003454516
2025-03-30,0.17030000,0.19250000,0.16800000,0.1782,5328653.50000000,1743379199999,977768.32241000,5222,2739119.30000000,500095.08877000,0,0.40989971443385426
2025-03-31,0.17820000,0.18710000,0.17090000,0.1808,8144329.30000000,1743465599999,1465483.05963000,5019,3742015.60000000,674206.68905000,0,0.40531772014517714
2025-04-01,0.18100000,0.19150000,0.15710000,0.1581,12850631.80000000,1743551999999,2220565.18268000,8390,5926721.70000000,1024964.29948000,0,0.4003733657422736
2025-04-02,0.15800000,0.15890000,0.14140000,0.1455,13038363.30000000,1743638399999,1981470.56175000,8959,6416187.00000000,977608.70066000,0,0.3952758984274281
2025-04-03,0.14570000,0.15030000,0.13790000,0.1462,4147040.80000000,1743724799999,591306.29645000,3367,1897695.70000000,272104.80289000,0,0.39029438045887954
2025-04-04,0.14640000,0.15330000,0.14150000,0.1502,5275452.10000000,1743811199999,783315.76767000,3448,2912601.70000000,433858.90083000,0,0.38549249284970194
2025-04-05,0.15020000,0.15500000,0.14410000,0.1461,2342939.30000000,1743897599999,347625.02159000,3549,1020932.70000000,151909.16571000,0,0.3807046429927079
2025-04-06,0.14590000,0.14760000,0.12420000,0.1277,4163486.20000000,1743983999999,559075.01973000,4131,1732632.30000000,233443.61956000,0,0.37564455013285375
2025-04-07,0.12770000,0.14170000,0.12250000,0.1349,11608537.00000000,1744070399999,1553237.40922000,7207,5739045.30000000,771363.34527000,0,0.37082965913019666
2025-04-08,0.13480000,0.14020000,0.12550000,0.1267,3146763.70000000,1744156799999,417856.86008000,2114,1540884.00000000,204905.09945000,0,0.36594706594759274
2025-04-09,0.12600000,0.14170000,0.11820000,0.1389,6981697.00000000,1744243199999,921259.75399000,4793,3651737.30000000,483813.67599000,0,0.36140612462864086
2025-04-10,0.13890000,0.14030000,0.12850000,0.1317,5520375.40000000,1744329599999,733877.28093000,4644,2711399.80000000,360641.99099000,0,0.356812002136068
2025-04-11,0.13170000,0.14070000,0.13100000,0.1366,4726237.20000000,1744415999999,643832.02389000,4304,2459690.80000000,334754.47813000,0,0.3524077620933466
2025-04-12,0.13630000,0.14900000,0.13250000,0.1462,9134786.60000000,1744502399999,1307760.78371000,6802,4185358.90000000,599931.99744000,0,0.3482836068514797
2025-04-13,0.14620000,0.14730000,0.12940000,0.133,10914319.30000000,1744588799999,1539549.06766000,8013,5199335.50000000,730431.43880000,0,0.3439779347144501
2025-04-14,0.13270000,0.14170000,0.12460000,0.1282,6005838.90000000,1744675199999,792439.05181000,7602,2635589.50000000,346800.27967000,0,0.3396623760201611
2025-04-15,0.12810000,0.13180000,0.12200000,0.1226,5682371.60000000,1744761599999,721046.49362000,8570,2613393.10000000,332197.41337000,0,0.33532112849975787
2025-04-16,0.12250000,0.12630000,0.11870000,0.1235,6356671.20000000,1744847999999,780492.61207000,9196,3283738.70000000,403695.07019000,0,0.3310847059297627
2025-04-17,0.12360000,0.13510000,0.12310000,0.1283,10902314.20000000,1744934399999,1402831.90920000,11813,5684177.40000000,729841.77936000,0,0.32702901181116745
2025-04-18,0.12840000,0.13500000,0.12520000,0.1297,6229785.90000000,1745020799999,809301.64079000,8729,2916854.50000000,378872.09406000,0,0.3230824315749441
2025-04-19,0.12950000,0.13440000,0.12720000,0.134,5182792.50000000,1745107199999,675193.12276000,6544,2322374.80000000,302682.05613000,0,0.3193007829434452
2025-04-20,0.13350000,0.14200000,0.13250000,0.1352,6553086.20000000,1745193599999,897402.79423000,10681,2912797.60000000,399238.31255000,0,0.31561876728457633
2025-04-21,0.13530000,0.14010000,0.13180000,0.1339,7930400.10000000,1745279999999,1078693.47010000,13067,3653031.10000000,496357.57760000,0,0.3119843919388848
2025-04-22,0.13360000,0.15190000,0.12670000,0.1511,12019148.60000000,1745366399999,1635887.47160000,20358,5907809.30000000,803488.49955000,0,0.3087667041001071
2025-04-23,0.15120000,0.18130000,0.14960000,0.1695,20457803.80000000,1745452799999,3300585.05030000,185429,9672775.60000000,1562991.27250000,0,0.30598137001810494
2025-04-24,0.16950000,0.17100000,0.15070000,0.1627,6871896.30000000,1745539199999,1091211.19145000,61317,3177722.00000000,505122.89862000,0,0.3031157426177428
2025-04-25,0.16260000,0.18300000,0.15810000,0.1763,9070462.30000000,1745625599999,1558670.38974000,60940,4030864.10000000,693022.96720000,0,0.300579427765388
2025-04-26,0.17650000,0.19780000,0.17550000,0.189,9141380.60000000,1745711999999,1705910.72544000,43987,4414911.30000000,825707.96252000,0,0.29834783921008023
2025-04-27,0.18870000,0.18920000,0.17250000,0.1737,2543454.40000000,1745798399999,453937.16040000,15659,1084945.00000000,194592.91374000,0,0.29585488242587865
2025-04-28,0.17380000,0.19850000,0.16300000,0.1839,6361211.50000000,1745884799999,1167403.03112000,23675,3303020.90000000,606495.91980000,0,0.29361578477736106
2025-04-29,0.18400000,0.18460000,0.16920000,0.1728,3704340.40000000,1745971199999,657483.82350000,19753,1820536.70000000,323486.92342000,0,0.2911994690818138
2025-04-30,0.17240000,0.18560000,0.16800000,0.1779,3660572.80000000,1746057599999,645248.67305000,21389,1876766.90000000,332184.26408000,0,0.2889334797001775
2025-05-01,0.17770000,0.18790000,0.17310000,0.1754,3196154.50000000,1746143999999,579081.06770000,15629,1607702.40000000,291421.72547000,0,0.28666281010617395
2025-05-02,0.17470000,0.18950000,0.17030000,0.1853,3853223.30000000,1746230399999,696411.72416000,13941,1831929.60000000,331703.71246000,0,0.2846355539040505
2025-05-03,0.18520000,0.19300000,0.16790000,0.1683,7136140.10000000,1746316799999,1280120.66976000,12943,3279796.10000000,591723.52460000,0,0.28230884282596946
2025-05-04,0.16830000,0.17530000,0.15750000,0.161,4815076.70000000,1746403199999,789866.10040000,12192,2366754.90000000,390432.57921000,0,0.27988266596945005
2025-05-05,0.16120000,0.16700000,0.15570000,0.1585,2272403.40000000,1746489599999,367719.69515000,7394,1130599.90000000,183076.68902000,0,0.27745501265006106
2025-05-06,0.15850000,0.16230000,0.14490000,0.1555,3586095.80000000,1746575999999,551617.27693000,14188,1829471.10000000,281847.69237000,0,0.27501591239705986
2025-05-07,0.15560000,0.16100000,0.14930000,0.1576,2469931.40000000,1746662399999,382954.26968000,11947,982046.00000000,152424.89262000,0,0.2726675941491187
2025-05-08,0.15780000,0.22270000,0.15760000,0.2207,15865254.20000000,1746748799999,3134555.05564000,70950,8000201.10000000,1570114.65371000,0,0.2716282422661363
2025-05-09,0.22020000,0.42440000,0.21550000,0.385,74814313.10000000,1746835199999,23451397.78429000,597066,36784063.60000000,11540717.01522000,0,0.27389567742081355
2025-05-10,0.38450000,0.40490000,0.31310000,0.3612,32421146.20000000,1746921599999,11368878.44323000,221252,15802577.80000000,5543471.85343000,0,0.2756417638723973
2025-05-11,0.36090000,0.46990000,0.33100000,0.4174,46464319.80000000,1747007999999,18908602.34112000,219023,23279233.20000000,9492669.79620000,0,0.2784769285949494
2025-05-12,0.41790000,0.48780000,0.29620000,0.406,32396288.50000000,1747094399999,13432817.77709000,380423,15527933.60000000,6458781.82395000,0,0.2810273900230504
2025-05-13,0.40630000,0.48820000,0.37820000,0.4421,37859055.50000000,1747180799999,16588716.11402000,184755,18886270.60000000,8282750.68450000,0,0.2842488422225894
2025-05-14,0.44210000,0.45300000,0.37930000,0.3926,15471878.30000000,1747267199999,6384205.21730000,65027,7182211.30000000,2962538.82793000,0,0.2864158653781376
2025-05-15,0.39270000,0.39540000,0.32680000,0.3415,18274787.70000000,1747353599999,6657561.77321000,104823,8605451.00000000,3137002.90114000,0,0.2875175480705749
2025-05-16,0.34150000,0.35970000,0.31470000,0.3203,11752371.10000000,1747439999999,4008421.29038000,73191,5755597.40000000,1965009.75879000,0,0.2881731971091634
2025-05-17,0.32030000,0.32480000,0.28340000,0.2998,13480583.50000000,1747526399999,4067782.70403000,74796,6599065.30000000,1995556.85577000,0,0.2884057331669801
2025-05-18,0.29980000,0.37380000,0.29760000,0.3557,26501133.70000000,1747612799999,9112133.88910000,135243,12850602.60000000,4416694.26689000,0,0.2897516185036405
2025-05-19,0.35610000,0.36000000,0.30780000,0.3434,16272268.10000000,1747699199999,5346072.08712000,84668,7914152.70000000,2607718.19428000,0,0.2908245861335677
2025-05-20,0.34320000,0.35100000,0.30850000,0.3251,12232586.90000000,1747785599999,3979469.66262000,76141,5537732.50000000,1800293.14834000,0,0.29151009441089637
2025-05-21,0.32520000,0.37860000,0.31910000,0.354,22142762.70000000,1747871999999,7662726.42413000,91182,11314345.40000000,3922345.45357000,0,0.2927598925226784
2025-05-22,0.35400000,0.38660000,0.35000000,0.3801,19643743.50000000,1747958399999,7189624.02184000,104958,9758196.20000000,3573249.03786000,0,0.29450669467222484
2025-05-23,0.38020000,0.41670000,0.33000000,0.3336,20467485.90000000,1748044799999,7505911.61024000,93877,9591011.30000000,3525559.40427000,0,0.29528856077878035
2025-05-24,0.33350000,0.36400000,0.32940000,0.3356,9385830.60000000,1748131199999,3248539.55167000,51055,3992197.00000000,1385182.11266000,0,0.29609478956320473
2025-05-25,0.33550000,0.34130000,0.30240000,0.3306,7224321.60000000,1748217599999,2319380.93287000,41832,3074605.40000000,990054.59268000,0,0.2967848937719406
2025-05-26,0.33060000,0.34050000,0.31230000,0.3175,11084639.10000000,1748303999999,3596844.43013000,36575,7238087.70000000,2338815.07953000,0,0.2971991958965018
2025-05-27,0.31760000,0.35130000,0.30710000,0.3419,8483440.30000000,1748390399999,2839285.45070000,43009,3878588.20000000,1299925.17403000,0,0.29809321197857175
2025-05-28,0.34170000,0.35170000,0.31670000,0.3374,9791269.80000000,1748476799999,3212815.29919000,37251,3336225.10000000,1103800.14490000,0,0.2988793477390003
2025-05-29,0.33740000,0.35490000,0.31350000,0.3152,9902888.10000000,1748563199999,3282917.20301000,32637,5499854.60000000,1830643.29935000,0,0.2992057607842203
2025-05-30,0.31510000,0.31740000,0.24760000,0.2513,17442281.40000000,1748649599999,4803573.07761000,47014,7259378.00000000,1996665.05637000,0,0.2982476455685359
2025-05-31,0.25140000,0.26620000,0.23930000,0.2611,12457668.20000000,1748735999999,3143023.99805000,34431,4191646.20000000,1056824.98426000,0,0.29750469265716517
2025-06-01,0.26120000,0.27000000,0.25270000,0.2674,5359875.20000000,1748822399999,1400302.76210000,15111,2785020.90000000,727594.55763000,0,0.29690259880402187
2025-06-02,0.26750000,0.27750000,0.24790000,0.2701,7757271.90000000,1748908799999,2005988.07070000,14177,3693376.30000000,957857.80467000,0,0.29636654682794145
2025-06-03,0.27040000,0.28970000,0.26850000,0.275,16288382.30000000,1748995199999,4522598.06048000,15712,10408024.50000000,2880465.45008000,0,0.2959392158913826
2025-06-04,0.27510000,0.28100000,0.25500000,0.2585,4461131.00000000,1749081599999,1194707.86260000,6818,2135788.30000000,572904.44432000,0,0.29519043157355496
2025-06-05,0.25950000,0.26520000,0.22740000,0.234,9862289.90000000,1749167999999,2422918.42695000,12570,4380511.60000000,1076066.99113000,0,0.29396662294208387
2025-06-06,0.23410000,0.25430000,0.23360000,0.2406,6750732.80000000,1749254399999,1662864.05436000,8531,2957340.10000000,727768.32903000,0,0.2928992904832422
2025-06-07,0.24040000,0.27150000,0.24020000,0.2634,10069540.40000000,1749340799999,2614926.36926000,13386,3336034.80000000,873901.45883000,0,0.29230930467357735
2025-06-08,0.26250000,0.26840000,0.25230000,0.2613,3794579.20000000,1749427199999,987910.31681000,5902,1876337.40000000,489575.65866000,0,0.2916891185801058
2025-06-09,0.26140000,0.29520000,0.25350000,0.2934,6821380.80000000,1749513599999,1861458.37123000,11578,3358083.70000000,917548.29925000,0,0.2917233362085037
2025-06-10,0.29300000,0.30600000,0.28120000,0.301,8867510.20000000,1749599999999,2597881.65031000,19025,4269647.20000000,1251128.17871000,0,0.29190886948433364
2025-06-11,0.30110000,0.30410000,0.26400000,0.2689,7725278.90000000,1749686399999,2207409.81998000,21833,3465309.40000000,993999.70637000,0,0.29144869209464697
2025-06-12,0.26900000,0.26970000,0.23370000,0.2359,6969751.00000000,1749772799999,1770155.73449000,13415,3227150.80000000,820869.03668000,0,0.290337718252754
2025-06-13,0.23620000,0.23680000,0.21350000,0.2305,16363605.60000000,1749859199999,3642287.46609000,23563,4889542.40000000,1092141.57511000,0,0.28914096388769894
2025-06-14,0.23030000,0.23360000,0.21910000,0.225,10492559.40000000,1749945599999,2369163.11983000,7859,8428512.60000000,1901409.62421000,0,0.28785814460994497
2025-06-15,0.22530000,0.23240000,0.22190000,0.2296,2616153.50000000,1750031999999,592791.66796000,5921,1342098.90000000,304331.09370000,0,0.28669298171774604
2025-06-16,0.22920000,0.24770000,0.22510000,0.2283,6318954.20000000,1750118399999,1511680.88919000,13414,3014078.10000000,720414.64450000,0,0.2855251220833911
2025-06-17,0.22820000,0.23750000,0.21400000,0.2194,5331834.90000000,1750204799999,1195976.26963000,7936,2652299.90000000,593647.60666000,0,0.2842026196417233
2025-06-18,0.21970000,0.22590000,0.20560000,0.2237,5001937.60000000,1750291199999,1084634.47442000,7683,2316709.10000000,502824.55087000,0,0.2829925672488888
2025-06-19,0.22400000,0.22760000,0.21660000,0.2222,2784587.30000000,1750377599999,617806.96420000,3531,1144223.50000000,253820.88705000,0,0.28177671590391107
2025-06-20,0.22230000,0.25230000,0.21750000,0.2238,22229988.30000000,1750463999999,5219467.05865000,22128,6459011.50000000,1513940.11761000,0,0.2806171815858328
2025-06-21,0.22380000,0.23600000,0.19660000,0.2053,6992763.40000000,1750550399999,1504390.18382000,8829,3187792.10000000,685292.37564000,0,0.2791108379541162
2025-06-22,0.20560000,0.21210000,0.18160000,0.1954,14344746.80000000,1750636799999,2733365.66421000,15619,6859955.60000000,1307953.99118000,0,0.2774366211950339
2025-06-23,0.19550000,0.22380000,0.19200000,0.2219,12094533.40000000,1750723199999,2469433.10077000,11527,5952584.90000000,1218342.08825000,0,0.2763258887711332
2025-06-24,0.22190000,0.23080000,0.21470000,0.221,16245985.40000000,1750809599999,3601782.50042000,11429,11425715.80000000,2532891.59298000,0,0.27521937099571053
2025-06-25,0.22070000,0.22340000,0.20290000,0.2057,5835650.30000000,1750895999999,1238562.92041000,7333,2793719.30000000,593464.64755000,0,0.2738289835757963
2025-06-26,0.20550000,0.21550000,0.19360000,0.1968,5629128.10000000,1750982399999,1131734.04792000,9179,2691590.30000000,540683.95708000,0,0.2722884039042804
2025-06-27,0.19670000,0.20480000,0.19440000,0.2033,6365151.40000000,1751068799999,1274525.70183000,10037,2887387.00000000,578560.30056000,0,0.2709086358261948
2025-06-28,0.20350000,0.22560000,0.20010000,0.2212,7032593.10000000,1751155199999,1503982.00669000,12234,3459790.70000000,741337.91873000,0,0.2699144631096709
2025-06-29,0.22130000,0.23790000,0.21600000,0.2367,6940296.40000000,1751241599999,1547222.73573000,11988,3288806.90000000,734888.67230000,0,0.26925017384747746
2025-06-30,0.23670000,0.24510000,0.22800000,0.2304,18310906.90000000,1751327999999,4337238.06135000,20333,5753993.90000000,1357918.77821000,0,0.2684731703705279
2025-07-01,0.23060000,0.23190000,0.20880000,0.214,6578372.50000000,1751414399999,1431547.05942000,9699,3249769.10000000,708419.51179000,0,0.26738370696311736
2025-07-02,0.21400000,0.25040000,0.21150000,0.2396,13043470.80000000,1751500799999,3073337.90707000,17836,8553752.80000000,2026697.89022000,0,0.26682803282385503
2025-07-03,0.24010000,0.25750000,0.23130000,0.2412,10794724.70000000,1751587199999,2616523.63455000,20709,6202430.00000000,1500419.45621000,0,0.26631547216737794
2025-07-04,0.24130000,0.24370000,0.21900000,0.2241,11038988.10000000,1751673599999,2478640.17740000,17285,3641154.70000000,821976.60792000,0,0.2654711627240304
2025-07-05,0.22430000,0.23040000,0.21410000,0.2218,4133272.30000000,1751759999999,917870.38394000,7273,2356898.00000000,523113.28276000,0,0.2645977394695498
2025-07-06,0.22230000,0.23260000,0.21790000,0.2238,7231993.20000000,1751846399999,1614140.43264000,8438,4545051.10000000,1012840.12782000,0,0.2637817846801588
2025-07-07,0.22390000,0.23060000,0.20910000,0.213,5298840.40000000,1751932799999,1152277.78889000,8362,2601170.30000000,567627.64786000,0,0.2627661489865556
2025-07-08,0.21300000,0.23970000,0.21040000,0.229,12229845.80000000,1752019199999,2728860.52870000,18718,5160503.70000000,1164233.40994000,0,0.2620908260068245
2025-07-09,0.22950000,0.23870000,0.21690000,0.2363,18144660.70000000,1752105599999,4122680.19143000,20159,9037469.10000000,2052377.25937000,0,0.261575009486688
2025-07-10,0.23640000,0.29930000,0.23180000,0.2931,25751137.40000000,1752191999999,6816072.18077000,39858,12604705.50000000,3341881.58418000,0,0.26220550929695424
2025-07-11,0.29300000,0.30200000,0.26290000,0.2727,17275899.50000000,1752278399999,4953173.06559000,35756,7791394.70000000,2238031.17171000,0,0.26241539911101514
2025-07-12,0.27290000,0.28520000,0.26120000,0.271,15253100.30000000,1752364799999,4217414.31767000,24139,4754554.80000000,1306589.76347000,0,0.2625870911287948
2025-07-13,0.27100000,0.28990000,0.26540000,0.2822,9748970.20000000,1752451199999,2715790.84784000,25043,4924905.40000000,1373986.93619000,0,0.2629793493062189
2025-07-14,0.28240000,0.31710000,0.26710000,0.2715,28366739.30000000,1752537599999,8088643.07713000,47837,13291172.40000000,3796931.59844000,0,0.2631497623200945
2025-07-15,0.27130000,0.28690000,0.25640000,0.2857,11858285.30000000,1752623999999,3254509.25545000,25732,5547492.10000000,1524351.46815000,0,0.2636007670736926
2025-07-16,0.28590000,0.31480000,0.26840000,0.2974,18531031.10000000,1752710399999,5461160.04814000,40818,10570199.50000000,3103555.81838000,0,0.26427675173221876
2025-07-17,0.29730000,0.31180000,0.27580000,0.2899,20021940.30000000,1752796799999,5871343.36136000,45225,10057868.10000000,2953185.60244000,0,0.2647892166975744
2025-07-18,0.29000000,0.31390000,0.26810000,0.2796,19603877.20000000,1752883199999,5793186.14225000,51055,10520302.70000000,3112604.02849000,0,0.26508543236362286
2025-07-19,0.27980000,0.28930000,0.27000000,0.285,6728992.20000000,1752969599999,1896913.48713000,21511,3246577.90000000,917013.07862000,0,0.26548372371635043
2025-07-20,0.28490000,0.34080000,0.28150000,0.3097,20477006.90000000,1753055999999,6392456.89621000,62279,10270083.20000000,3203735.52946000,0,0.2663680492420234
2025-07-21,0.30980000,0.33000000,0.29540000,0.3265,15342956.30000000,1753142399999,4840181.13209000,49349,7120642.60000000,2247379.96854000,0,0.26757068825718294
2025-07-22,0.32660000,0.33920000,0.30600000,0.33,17232082.00000000,1753228799999,5488240.96104000,55499,8088068.60000000,2578872.83464000,0,0.2688192744920393
2025-07-23,0.33010000,0.33570000,0.27830000,0.2876,16503762.10000000,1753315199999,5069321.30151000,50104,8065405.90000000,2482863.69431000,0,0.2691948890021985
2025-07-24,0.28770000,0.29500000,0.25700000,0.268,11218655.70000000,1753401599999,3065715.56662000,32314,5278615.60000000,1441019.56948000,0,0.26917099122215454
2025-07-25,0.26810000,0.27960000,0.25250000,0.2787,10298237.40000000,1753487999999,2750828.93041000,27590,4939084.70000000,1321591.14352000,0,0.26936157139771144
2025-07-26,0.27840000,0.28540000,0.27310000,0.2739,3127751.00000000,1753574399999,875003.00848000,9597,1426998.00000000,399522.66912000,0,0.2694523399697572
2025-07-27,0.27430000,0.29320000,0.27370000,0.288,5793914.80000000,1753660799999,1636271.14081000,15540,2850647.20000000,806229.74307000,0,0.2698232931703621
2025-07-28,0.28780000,0.29210000,0.25770000,0.261,9443866.60000000,1753747199999,2616649.82389000,22074,4326050.50000000,1200837.23751000,0,0.26964682730695483
2025-07-29,0.26070000,0.27050000,0.24440000,0.2493,8012104.00000000,1753833599999,2056260.94526000,16399,3825710.00000000,981857.38278000,0,0.2692398907608157
2025-07-30,0.24890000,0.26110000,0.23690000,0.256,14814935.70000000,1753919999999,3686740.33692000,21653,5596421.10000000,1393321.41173000,0,0.2689750929455994
2025-07-31,0.25620000,0.26150000,0.23110000,0.2327,7572214.40000000,1754006399999,1874634.91923000,13253,3507649.10000000,869211.31280000,0,0.2682495910866874
2025-08-01,0.23280000,0.23660000,0.21470000,0.2249,11960377.80000000,1754092799999,2742358.70317000,19288,5982693.70000000,1374286.28500000,0,0.2673825992649536
2025-08-02,0.22460000,0.22800000,0.21140000,0.2184,5828286.10000000,1754179199999,1277252.38702000,9557,2794214.90000000,612191.18220000,0,0.2664029472796545
2025-08-03,0.21830000,0.22620000,0.21540000,0.2239,6944365.90000000,1754265599999,1548964.01918000,6235,5132229.30000000,1144267.28622000,0,0.26555288833406143
2025-08-04,0.22410000,0.23460000,0.22380000,0.2292,6277188.20000000,1754351999999,1438010.05932000,8702,2940345.20000000,673898.74950000,0,0.2648258305673802
2025-08-05,0.22900000,0.23290000,0.21230000,0.2181,7053420.20000000,1754438399999,1564953.94718000,8054,3382323.70000000,750167.54254000,0,0.26389131395603255
2025-08-06,0.21810000,0.22920000,0.21310000,0.2283,7234054.70000000,1754524799999,1612053.64829000,7101,3645646.40000000,813191.36509000,0,0.2631794876769119
2025-08-07,0.22820000,0.23840000,0.22510000,0.2366,9190372.20000000,1754611199999,2126679.13252000,9215,4560652.10000000,1055681.13383000,0,0.2626478979233737
2025-08-08,0.23670000,0.24090000,0.22950000,0.2383,10580560.30000000,1754697599999,2490647.93941000,11264,5200454.80000000,1224787.28413000,0,0.2621609399649062
2025-08-09,0.23840000,0.26840000,0.23680000,0.2578,14262115.70000000,1754783999999,3670786.04164000,15793,7159242.60000000,1841431.35994000,0,0.26207372116560806
2025-08-10,0.25790000,0.26320000,0.24380000,0.2579,9456228.20000000,1754870399999,2403599.93144000,14775,4645207.20000000,1181360.75187000,0,0.2619902467422959
2025-08-11,0.25780000,0.26390000,0.23390000,0.2372,11767191.50000000,1754956799999,2949428.82751000,17867,5582109.20000000,1398653.88632000,0,0.26149444180744996
2025-08-12,0.23710000,0.25920000,0.23240000,0.2551,10468006.40000000,1755043199999,2568502.34886000,13408,5189665.90000000,1272635.43888000,0,0.26136655297130096
2025-08-13,0.25530000,0.26910000,0.25420000,0.2629,13728266.80000000,1755129599999,3594740.15100000,18020,6847587.90000000,1792877.50808000,0,0.2613972219118749
2025-08-14,0.26310000,0.26850000,0.22370000,0.2285,22139348.00000000,1755215999999,5373563.75531000,22167,10819778.30000000,2625177.06798000,0,0.2607392774736374
2025-08-15,0.22830000,0.23570000,0.21850000,0.2266,11059033.10000000,1755302399999,2507254.99966000,13961,5178012.90000000,1171603.12658000,0,0.26005649192416463
2025-08-16,0.22650000,0.23040000,0.22510000,0.229,4733916.00000000,1755388799999,1079254.17970000,4762,2539153.10000000,579217.91312000,0,0.25943536208568135
2025-08-17,0.22920000,0.23900000,0.22710000,0.2312,6942210.90000000,1755475199999,1615611.37123000,6769,3984154.20000000,927882.68110000,0,0.2588706548439677
2025-08-18,0.23130000,0.23180000,0.21760000,0.2224,12775222.60000000,1755561599999,2846613.67269000,11659,6147169.20000000,1369820.54474000,0,0.25814124174708836
2025-08-19,0.22230000,0.22520000,0.20750000,0.2089,12664023.80000000,1755647999999,2719270.05278000,12765,6086968.10000000,1307045.34593000,0,0.2571564169121466
2025-08-20,0.20900000,0.22460000,0.20760000,0.2227,9410881.10000000,1755734399999,2026402.41689000,10063,4769141.00000000,1026712.15721000,0,0.25646728857390366
2025-08-21,0.22270000,0.22530000,0.21220000,0.2132,5409405.70000000,1755820799999,1177278.77131000,7257,2627304.00000000,571772.09217000,0,0.2556019428024256
2025-08-22,0.21320000,0.23730000,0.20310000,0.2366,18801010.40000000,1755907199999,4185570.02367000,17061,9670297.90000000,2154803.87089000,0,0.25522190394637706
2025-08-23,0.23670000,0.24440000,0.22450000,0.2358,9944376.60000000,1755993599999,2329773.58209000,10289,5841886.30000000,1363572.60757000,0,0.25483346586744954
2025-08-24,0.23590000,0.24070000,0.22240000,0.2262,12873382.50000000,1756079999999,2957741.92665000,15823,6309657.70000000,1449323.39252000,0,0.25426079655010053
2025-08-25,0.22620000,0.23360000,0.19800000,0.2024,22376675.40000000,1756166399999,4787794.33209000,21153,9294385.00000000,1984574.42397000,0,0.2532235806190985
2025-08-26,0.20240000,0.21920000,0.20020000,0.2149,11962569.30000000,1756252799999,2541895.61585000,11829,5909794.40000000,1256186.11472000,0,0.25245710900671653
2025-08-27,0.21520000,0.21860000,0.20960000,0.2112,12391241.80000000,1756339199999,2644505.34307000,10304,6184702.20000000,1320491.37425000,0,0.2516319668265822
2025-08-28,0.21100000,0.22350000,0.20880000,0.2228,12900839.60000000,1756425599999,2813841.99006000,10137,7856849.60000000,1717103.55995000,0,0.25105532749005055
2025-08-29,0.22290000,0.22370000,0.20160000,0.209,15761263.90000000,1756511999999,3312323.02878000,12173,7510375.40000000,1577540.45258000,0,0.25021422094024953
2025-08-30,0.20890000,0.21790000,0.20520000,0.2134,5698627.10000000,1756598399999,1214680.11048000,5358,2712666.30000000,578262.40053000,0,0.24947793652144454
2025-08-31,0.21370000,0.21670000,0.20710000,0.2073,4408201.90000000,1756684799999,937469.02916000,3764,2106629.10000000,448240.45318000,0,0.24863437779101563
2025-09-01,0.20720000,0.21320000,0.18780000,0.1938,14426518.90000000,1756771199999,2896025.72449000,10491,7069537.50000000,1419210.89607000,0,0.2475376902351953
2025-09-02,0.19390000,0.21530000,0.19310000,0.2068,16677874.20000000,1756857599999,3358573.92206000,10403,8352310.50000000,1680858.88748000,0,0.2467229364304914
2025-09-03,0.20700000,0.21220000,0.20250000,0.2104,8192017.20000000,1756943999999,1694663.02477000,5607,3923113.10000000,811703.29772000,0,0.24599647770188157
2025-09-04,0.21040000,0.21140000,0.19580000,0.1978,7189563.30000000,1757030399999,1451393.79795000,6030,3469809.50000000,700236.78180000,0,0.24503254814784395
2025-09-05,0.19770000,0.21530000,0.19760000,0.2131,18568269.10000000,1757116799999,3864240.76293000,12500,9152422.40000000,1905936.65134000,0,0.24439389718488708
2025-09-06,0.21300000,0.21480000,0.20610000,0.2099,4323972.20000000,1757203199999,906686.29956000,4602,2181506.50000000,457756.33234000,0,0.24370401924118934
2025-09-07,0.21000000,0.21780000,0.20980000,0.216,4153896.80000000,1757289599999,890238.47014000,4348,1936980.50000000,415673.85552000,0,0.24314993885636554
2025-09-08,0.21600000,0.23740000,0.21490000,0.2351,12720382.20000000,1757375999999,2891973.31088000,16286,5992355.00000000,1366579.99106000,0,0.24298894007923824
2025-09-09,0.23510000,0.24400000,0.22540000,0.2342,15143350.90000000,1757462399999,3563320.70435000,15161,7392950.50000000,1741396.84059000,0,0.24281316127765348
2025-09-10,0.23410000,0.24300000,0.22860000,0.2321,11308656.20000000,1757548799999,2662286.05292000,11684,5502128.40000000,1295477.15179000,0,0.24259889805210041
2025-09-11,0.23210000,0.23910000,0.22770000,0.238,8360392.30000000,1757635199999,1953070.04723000,9417,4234351.50000000,989697.57080000,0,0.2425069200910584
2025-09-12,0.23800000,0.26860000,0.23380000,0.2573,21632232.80000000,1757721599999,5494180.47827000,23306,10918678.40000000,2772378.14914000,0,0.24280278168923722
2025-09-13,0.25750000,0.28260000,0.25430000,0.2625,27156385.10000000,1757807999999,7284865.17788000,32908,13490456.30000000,3622342.66904000,0,0.24319672605545248
2025-09-14,0.26250000,0.26640000,0.24550000,0.2491,7506819.80000000,1757894399999,1909255.95617000,11093,3432959.80000000,872780.36718000,0,0.24331479153434343
2025-09-15,0.24890000,0.25500000,0.22980000,0.2397,13280698.10000000,1757980799999,3175508.37979000,13926,6101265.50000000,1459248.80369000,0,0.24324249570365655
2025-09-16,0.23970000,0.24860000,0.23230000,0.247,8363857.40000000,1758067199999,2006692.54487000,10023,4214293.30000000,1011926.95029000,0,0.24331764578958343
2025-09-17,0.24730000,0.26260000,0.23860000,0.2601,13876738.30000000,1758153599999,3425918.58448000,15933,6849671.10000000,1693813.57834000,0,0.24365329287379175
2025-09-18,0.26030000,0.26140000,0.25080000,0.2552,9246051.20000000,1758239999999,2363486.66889000,11840,4049060.70000000,1034789.62923000,0,0.2438842270163159
2025-09-19,0.25540000,0.26060000,0.23690000,0.2393,6448665.80000000,1758326399999,1586534.72606000,9802,2817989.20000000,693564.94702000,0,0.24379254247598958
2025-09-20,0.23920000,0.24430000,0.23630000,0.2394,3608682.30000000,1758412799999,868451.74307000,5995,1916991.70000000,462276.06407000,0,0.2437046916264698
2025-09-21,0.23940000,0.24200000,0.23170000,0.2325,3488940.70000000,1758499199999,826312.61262000,5269,1446380.50000000,342238.39384000,0,0.2434805977939404
2025-09-22,0.23240000,0.23400000,0.19850000,0.2155,13202715.30000000,1758585599999,2834375.85031000,13842,5746146.30000000,1235336.19595000,0,0.2429209858380616
2025-09-23,0.21540000,0.21710000,0.20870000,0.2124,3628961.00000000,1758671999999,773610.66174000,6872,1675523.20000000,357103.85098000,0,0.24231056612130036
2025-09-24,0.21260000,0.21870000,0.20410000,0.2138,4384846.60000000,1758758399999,931880.90483000,6848,2320549.40000000,493666.56130000,0,0.24174035479887435
2025-09-25,0.21380000,0.21440000,0.19640000,0.2006,8007062.10000000,1758844799999,1643207.99945000,9397,3874993.30000000,795076.00951000,0,0.24091754770289686
2025-09-26,0.20070000,0.20830000,0.19650000,0.2066,5804085.30000000,1758931199999,1167734.90800000,7540,2972335.90000000,597841.78563000,0,0.24023119674883892
2025-09-27,0.20660000,0.20770000,0.20150000,0.2017,980545.40000000,1759017599999,200778.35816000,2365,526820.30000000,107978.50935000,0,0.23946057281386213
2025-09-28,0.20190000,0.20780000,0.19660000,0.2073,1985025.40000000,1759103999999,397725.09111000,3153,968673.50000000,194196.02284000,0,0.23881736135758488
2025-09-29,0.20720000,0.20730000,0.19790000,0.2028,1857898.90000000,1759190399999,377977.75236000,3335,1045131.10000000,212786.21037000,0,0.2380970141304332
2025-09-30,0.20260000,0.20390000,0.19430000,0.2013,1317607.20000000,1759276799999,263077.16301000,1453,611895.60000000,122123.14921000,0,0.2373610738478245
2025-10-01,0.20140000,0.21670000,0.20020000,0.2164,2901061.40000000,1759363199999,612156.63450000,3748,1432246.40000000,302011.41085000,0,0.236941852370868
2025-10-02,0.21630000,0.22630000,0.21450000,0.2248,3911991.10000000,1759449599999,866670.08808000,4559,2108439.50000000,467509.86010000,0,0.23669901532345064
2025-10-03,0.22450000,0.23020000,0.21710000,0.2234,10462603.70000000,1759535999999,2313164.36690000,9008,6754129.80000000,1492456.51508000,0,0.23643303501698162
2025-10-04,0.22330000,0.22900000,0.21200000,0.217,3443447.90000000,1759622399999,757969.23396000,4867,1632819.20000000,360961.77677000,0,0.236044374316642
2025-10-05,0.21700000,0.22710000,0.21320000,0.2154,5708595.70000000,1759708799999,1259384.43268000,6813,2688730.70000000,594030.11163000,0,0.23563148683030916
2025-10-06,0.21540000,0.23170000,0.21340000,0.2263,4125871.60000000,1759795199999,921272.22242000,5474,2178932.20000000,486899.38420000,0,0.23544485709370297
2025-10-07,0.22630000,0.22850000,0.20740000,0.21,6687891.90000000,1759881599999,1443088.55069000,14065,3077654.10000000,663601.79471000,0,0.2349359599518289
2025-10-08,0.20960000,0.21730000,0.20570000,0.2142,3016225.60000000,1759967999999,635913.96200000,4375,1448564.30000000,305037.55810000,0,0.23452124075279232
2025-10-09,0.21440000,0.21470000,0.19720000,0.2039,3656641.20000000,1760054399999,747028.53328000,8244,1713142.20000000,350069.77127000,0,0.23390881593773646
2025-10-10,0.20420000,0.20860000,0.06480000,0.1345,17991596.20000000,1760140799999,2560212.71145000,33122,8678227.80000000,1222985.96158000,0,0.23192063961898174
2025-10-11,0.13430000,0.15070000,0.12930000,0.1365,11029537.30000000,1760227199999,1543649.81968000,17514,5587469.70000000,782357.17731000,0,0.2300122268266021
2025-10-12,0.13650000,0.15730000,0.12000000,0.1501,7631959.00000000,1760313599999,1118856.46825000,5324,3491113.80000000,510595.88614000,0,0.22841398229007007
2025-10-13,0.14990000,0.16390000,0.14640000,0.1608,8928038.40000000,1760399999999,1373225.33548000,12012,4280588.80000000,657947.94934000,0,0.22706170264426867
2025-10-14,0.16100000,0.16230000,0.14030000,0.152,8495776.30000000,1760486399999,1267175.94359000,5825,3888477.30000000,580320.89873000,0,0.2255604685913833
2025-10-15,0.15230000,0.15530000,0.13990000,0.1421,5145077.40000000,1760572799999,757694.78222000,3076,2265798.30000000,334504.97003000,0,0.22389125921955563
2025-10-16,0.14220000,0.14640000,0.13190000,0.1353,5679752.80000000,1760659199999,790341.06290000,3783,2651732.70000000,368776.69548000,0,0.22211943403516451
2025-10-17,0.13520000,0.13820000,0.12480000,0.1321,7866848.20000000,1760745599999,1032360.70467000,6965,3869956.70000000,507839.14752000,0,0.22031904535446123
2025-10-18,0.13190000,0.13790000,0.13190000,0.136,1708555.80000000,1760831999999,230672.99114000,964,906688.30000000,122335.84736000,0,0.218632664447372
2025-10-19,0.13620000,0.14250000,0.13320000,0.14,5789744.10000000,1760918399999,801987.76922000,4427,2906550.00000000,402191.50225000,0,0.21706001115842455
2025-10-20,0.13990000,0.14680000,0.13660000,0.1399,2717913.60000000,1761004799999,384738.10066000,2029,1328505.20000000,188141.10319000,0,0.21551681093525604
2025-10-21,0.13980000,0.14690000,0.13370000,0.1345,5004514.90000000,1761091199999,701562.02434000,5809,2409724.10000000,337448.63944000,0,0.2138964747165509
2025-10-22,0.13440000,0.13670000,0.12540000,0.1304,3645118.10000000,1761177599999,479483.73970000,3206,1676856.20000000,220442.86937000,0,0.21222654522221987
2025-10-23,0.12990000,0.13730000,0.12980000,0.1353,3069478.10000000,1761263999999,410986.05495000,3300,1340354.80000000,179543.76974000,0,0.21068801431777548
2025-10-24,0.13580000,0.13960000,0.13300000,0.1379,3105402.30000000,1761350399999,420936.12984000,2839,1217695.80000000,165577.94637000,0,0.20923225403141996
2025-10-25,0.13800000,0.13940000,0.13530000,0.138,3119130.90000000,1761436799999,427164.88157000,2837,1721921.20000000,235586.21551000,0,0.20780760895079156
2025-10-26,0.13810000,0.14480000,0.13480000,0.1432,2180885.60000000,1761523199999,304963.17629000,2370,1313824.70000000,183976.98911000,0,0.2065154567717757
2025-10-27,0.14320000,0.14880000,0.13650000,0.1382,4989768.80000000,1761609599999,707890.85225000,5226,2389941.80000000,339890.53686000,0,0.2051491476363402
2025-10-28,0.13800000,0.14320000,0.12910000,0.1327,3200375.70000000,1761695999999,436211.90447000,3896,1490043.40000000,203557.02409000,0,0.2037001646836134
2025-10-29,0.13260000,0.14410000,0.13050000,0.1362,6166490.00000000,1761782399999,842842.85460000,9269,2996542.90000000,409698.72631000,0,0.20235016138994114
2025-10-30,0.13600000,0.13870000,0.11670000,0.1215,9368695.60000000,1761868799999,1164501.72377000,6026,4502457.10000000,559894.49899000,0,0.20073315816214232
2025-10-31,0.12140000,0.12830000,0.12110000,0.1249,3926868.20000000,1761955199999,491215.48602000,3940,1972360.70000000,246825.35723000,0,0.19921649499889948
2025-11-01,0.12500000,0.13270000,0.12410000,0.1302,3975157.80000000,1762041599999,515506.54493000,2429,1913046.10000000,247599.78640000,0,0.1978361650989215
2025-11-02,0.13010000,0.13100000,0.12420000,0.1287,3842917.90000000,1762127999999,490032.34166000,3715,1856406.50000000,236211.45609000,0,0.19645344179694305
2025-11-03,0.12850000,0.12900000,0.10490000,0.1085,11612521.90000000,1762214399999,1329045.00468000,7015,4548451.60000000,516204.84174000,0,0.19469437296100417
2025-11-04,0.10860000,0.11570000,0.09820000,0.1057,14491682.10000000,1762300799999,1547213.26025000,15912,7212114.10000000,771040.31497000,0,0.19291448550178408
2025-11-05,0.10560000,0.11490000,0.09990000,0.1127,6994708.00000000,1762387199999,759139.82253000,14647,3421905.90000000,371766.68884000,0,0.1913101957917484
2025-11-06,0.11260000,0.11280000,0.10470000,0.1071,4759411.40000000,1762473599999,518820.98017000,7631,2157556.50000000,234952.63087000,0,0.18962599187591345
2025-11-07,0.10720000,0.12650000,0.10560000,0.1222,12995512.60000000,1762559999999,1525430.90241000,8811,7245947.20000000,856128.51493000,0,0.18827747203839518
2025-11-08,0.12230000,0.12580000,0.11420000,0.1183,8675118.50000000,1762646399999,1039263.96568000,6314,3980098.20000000,476690.56331000,0,0.18687792259762728
2025-11-09,0.11820000,0.12570000,0.11320000,0.1195,6779407.70000000,1762732799999,811820.40029000,3652,3326123.20000000,398180.53579000,0,0.18553036414567473
2025-11-10,0.11940000,0.12630000,0.11860000,0.1236,6978333.50000000,1762819199999,850634.69772000,4890,3438008.80000000,419079.22010000,0,0.18429175686276122
2025-11-11,0.12410000,0.12650000,0.11200000,0.1126,3565054.90000000,1762905599999,420168.12885000,2223,1581092.60000000,186233.67484000,0,0.182857921725506
2025-11-12,0.11250000,0.12170000,0.10820000,0.1105,7157677.90000000,1762991999999,821220.81581000,5539,3469629.40000000,398031.59898000,0,0.18141076329099587
2025-11-13,0.11090000,0.11490000,0.10100000,0.105,5215947.20000000,1763078399999,568724.11111000,3270,2059420.20000000,224520.44408000,0,0.17988254802517595
2025-11-14,0.10490000,0.10660000,0.09930000,0.1011,8705695.90000000,1763164799999,895241.69567000,6614,4328946.90000000,445850.46308000,0,0.17830689706467243
2025-11-15,0.10110000,0.10580000,0.10050000,0.1018,4679209.00000000,1763251199999,486172.57071000,1534,2092101.10000000,216630.65326000,0,0.17677675912337898
2025-11-16,0.10160000,0.10240000,0.09270000,0.0959,5539976.60000000,1763337599999,537421.44039000,2820,2069910.30000000,201508.43350000,0,0.1751592239409114
2025-11-17,0.09610000,0.10150000,0.09200000,0.0942,6317299.00000000,1763423999999,609083.10251000,4214,2741849.80000000,264959.00156000,0,0.17354003946209318
2025-11-18,0.09420000,0.09940000,0.09200000,0.098,6638155.30000000,1763510399999,637245.30667000,4800,2880313.70000000,277310.46286000,0,0.1720292386728513
2025-11-19,0.09760000,0.09870000,0.08850000,0.0933,10504305.60000000,1763596799999,988200.93845000,5022,5682505.60000000,537162.34621000,0,0.17045465389939427
2025-11-20,0.09330000,0.10070000,0.08830000,0.0893,5188426.80000000,1763683199999,493687.82897000,4636,2380835.30000000,227188.60537000,0,0.16883156082140638
